matchup_id,name,fighter,opponent,weight_class,career_style,predicted_infight_style,style_shift_predicted,style_shift_probability,Odds,odds_numeric,implied_probability,predicted_probability,betting_edge,bet_size,prob_ko_tko,prob_submission,prob_decision,event_name,event_date,dk_link,dk_parlay_link,parlay_bet_size,parlay_combined_odds,won,potential_winnings,total_return,net,profit_multiplier,result_date
Josh Emmett_vs_Kevin Vallejos,Josh Emmett,Josh Emmett,Kevin Vallejos,Featherweight,Striker,BJJ,False,0.5259,410.0,410.0,0.1881,0.1618,-0.0263,0.0,0.3217,0.1396,0.5387,UFC Fight Night: Emmett vs. Vallejos,2026-03-14,,https://sportsbook.draftkings.com/event/33766391?outcomes=0ML83745398_3+0ML83745391_3+0ML83745395_3+0ML83746181_1+0ML83745393_3,1.52,1194.0,0,0.0,0.0,0.0,0.0,2026-03-15
Kevin Vallejos_vs_Josh Emmett,Kevin Vallejos,Kevin Vallejos,Josh Emmett,Featherweight,Mixed,BJJ,False,0.5259,-550.0,-550.0,0.8119,0.8382,0.0263,0.0,0.3217,0.1396,0.5387,UFC Fight Night: Emmett vs. Vallejos,2026-03-14,,https://sportsbook.draftkings.com/event/33766391?outcomes=0ML83745398_3+0ML83745391_3+0ML83745395_3+0ML83746181_1+0ML83745393_3,1.52,1194.0,1,0.0,0.0,0.0,0.0,2026-03-15
Amanda Lemos_vs_Gillian Robertson,Amanda Lemos,Amanda Lemos,Gillian Robertson,Women's Strawweight,Mixed,BJJ,False,0.5259,166.0,166.0,0.3614,0.2534,-0.108,0.0,0.2993,0.2028,0.4979,UFC Fight Night: Emmett vs. Vallejos,2026-03-14,,https://sportsbook.draftkings.com/event/33766391?outcomes=0ML83745398_3+0ML83745391_3+0ML83745395_3+0ML83746181_1+0ML83745393_3,1.52,1194.0,0,0.0,0.0,0.0,0.0,2026-03-15
Gillian Robertson_vs_Amanda Lemos,Gillian Robertson,Gillian Robertson,Amanda Lemos,Women's Strawweight,BJJ,Wrestler,False,0.5259,-198.0,-198.0,0.6386,0.7466,0.108,3.02,0.2993,0.2028,0.4979,UFC Fight Night: Emmett vs. Vallejos,2026-03-14,https://sportsbook.draftkings.com/event/33766391?outcomes=0ML83745398_3,https://sportsbook.draftkings.com/event/33766391?outcomes=0ML83745398_3+0ML83745391_3+0ML83745395_3+0ML83746181_1+0ML83745393_3,1.52,1194.0,1,1.5253,4.5453,1.5253,1.5051,2026-03-15
Andre Fili_vs_Jose Delgado,Andre Fili,Andre Fili,Jose Delgado,Featherweight,Striker,BJJ,False,0.5259,310.0,310.0,0.2346,0.2511,0.0166,0.0,0.3217,0.1396,0.5387,UFC Fight Night: Emmett vs. Vallejos,2026-03-14,,https://sportsbook.draftkings.com/event/33766391?outcomes=0ML83745398_3+0ML83745391_3+0ML83745395_3+0ML83746181_1+0ML83745393_3,1.52,1194.0,0,0.0,0.0,0.0,0.0,2026-03-15
Jose Delgado_vs_Andre Fili,Jose Delgado,Jose Delgado,Andre Fili,Featherweight,Mixed,BJJ,False,0.5259,-390.0,-390.0,0.7654,0.7489,-0.0166,0.0,0.3217,0.1396,0.5387,UFC Fight Night: Emmett vs. Vallejos,2026-03-14,,https://sportsbook.draftkings.com/event/33766391?outcomes=0ML83745398_3+0ML83745391_3+0ML83745395_3+0ML83746181_1+0ML83745393_3,1.52,1194.0,1,0.0,0.0,0.0,0.0,2026-03-15
Ion Cutelaba_vs_Oumar Sy,Ion Cutelaba,Ion Cutelaba,Oumar Sy,Light Heavyweight,Wrestler,BJJ,False,0.5259,230.0,230.0,0.2914,0.2732,-0.0182,0.0,0.4453,0.1945,0.3603,UFC Fight Night: Emmett vs. Vallejos,2026-03-14,,https://sportsbook.draftkings.com/event/33766391?outcomes=0ML83745398_3+0ML83745391_3+0ML83745395_3+0ML83746181_1+0ML83745393_3,1.52,1194.0,1,0.0,0.0,0.0,0.0,2026-03-15
Oumar Sy_vs_Ion Cutelaba,Oumar Sy,Oumar Sy,Ion Cutelaba,Light Heavyweight,BJJ,Wrestler,False,0.5259,-280.0,-280.0,0.7086,0.7268,0.0182,0.0,0.4453,0.1945,0.3603,UFC Fight Night: Emmett vs. Vallejos,2026-03-14,,https://sportsbook.draftkings.com/event/33766391?outcomes=0ML83745398_3+0ML83745391_3+0ML83745395_3+0ML83746181_1+0ML83745393_3,1.52,1194.0,0,0.0,0.0,0.0,0.0,2026-03-15
Charles Johnson_vs_Bruno Silva,Charles Johnson,Charles Johnson,Bruno Silva,Flyweight,Striker,Striker,False,0.5259,-174.0,-174.0,0.6097,0.5604,-0.0493,0.0,0.2518,0.1311,0.6171,UFC Fight Night: Emmett vs. Vallejos,2026-03-14,,https://sportsbook.draftkings.com/event/33766391?outcomes=0ML83745398_3+0ML83745391_3+0ML83745395_3+0ML83746181_1+0ML83745393_3,1.52,1194.0,1,0.0,0.0,0.0,0.0,2026-03-15
Bruno Silva_vs_Charles Johnson,Bruno Silva,Bruno Silva,Charles Johnson,Flyweight,Muay_Thai,Striker,False,0.5259,146.0,146.0,0.3903,0.4396,0.0493,2.53,0.2518,0.1311,0.6171,UFC Fight Night: Emmett vs. Vallejos,2026-03-14,https://sportsbook.draftkings.com/event/33766381?outcomes=0ML83745391_3,https://sportsbook.draftkings.com/event/33766391?outcomes=0ML83745398_3+0ML83745391_3+0ML83745395_3+0ML83746181_1+0ML83745393_3,1.52,1194.0,0,0.0,0.0,-2.53,0.0,2026-03-15
Chris Curtis_vs_Myktybek Orolbai,Chris Curtis,Chris Curtis,Myktybek Orolbai,Welterweight,Striker,BJJ,False,0.5259,265.0,265.0,0.2631,0.2126,-0.0505,0.0,0.3323,0.1648,0.5028,UFC Fight Night: Emmett vs. Vallejos,2026-03-14,,https://sportsbook.draftkings.com/event/33766391?outcomes=0ML83745398_3+0ML83745391_3+0ML83745395_3+0ML83746181_1+0ML83745393_3,1.52,1194.0,0,0.0,0.0,0.0,0.0,2026-03-15
Myktybek Orolbai_vs_Chris Curtis,Myktybek Orolbai,Myktybek Orolbai,Chris Curtis,Welterweight,BJJ,Wrestler,False,0.5259,-330.0,-330.0,0.7369,0.7874,0.0505,2.72,0.3323,0.1648,0.5028,UFC Fight Night: Emmett vs. Vallejos,2026-03-14,https://sportsbook.draftkings.com/event/33766388?outcomes=0ML83745395_3,https://sportsbook.draftkings.com/event/33766391?outcomes=0ML83745398_3+0ML83745391_3+0ML83745395_3+0ML83746181_1+0ML83745393_3,1.52,1194.0,1,0.8242,3.5442,0.8242,1.303,2026-03-15
Elijah Smith_vs_SuYoung You,Elijah Smith,Elijah Smith,SuYoung You,Bantamweight,Mixed,BJJ,False,0.5259,-255.0,-255.0,0.6901,0.7407,0.0506,2.67,0.2719,0.1924,0.5357,UFC Fight Night: Emmett vs. Vallejos,2026-03-14,https://sportsbook.draftkings.com/event/33766790?outcomes=0ML83746181_1,https://sportsbook.draftkings.com/event/33766391?outcomes=0ML83745398_3+0ML83745391_3+0ML83745395_3+0ML83746181_1+0ML83745393_3,1.52,1194.0,1,1.0471,3.7171,1.0471,1.3922,2026-03-15
SuYoung You_vs_Elijah Smith,SuYoung You,SuYoung You,Elijah Smith,Bantamweight,Mixed,BJJ,False,0.5259,210.0,210.0,0.3099,0.2593,-0.0506,0.0,0.2719,0.1924,0.5357,UFC Fight Night: Emmett vs. Vallejos,2026-03-14,,https://sportsbook.draftkings.com/event/33766391?outcomes=0ML83745398_3+0ML83745391_3+0ML83745395_3+0ML83746181_1+0ML83745393_3,1.52,1194.0,0,0.0,0.0,0.0,0.0,2026-03-15
Brad Tavares_vs_Eryk Anders,Brad Tavares,Brad Tavares,Eryk Anders,Middleweight,Striker,BJJ,False,0.5259,-108.0,-108.0,0.5,0.4566,-0.0434,0.0,0.3821,0.1438,0.4741,UFC Fight Night: Emmett vs. Vallejos,2026-03-14,,https://sportsbook.draftkings.com/event/33766391?outcomes=0ML83745398_3+0ML83745391_3+0ML83745395_3+0ML83746181_1+0ML83745393_3,1.52,1194.0,0,0.0,0.0,0.0,0.0,2026-03-15
Eryk Anders_vs_Brad Tavares,Eryk Anders,Eryk Anders,Brad Tavares,Middleweight,Wrestler,Striker,False,0.5259,-108.0,-108.0,0.5,0.5434,0.0434,2.52,0.3821,0.1438,0.4741,UFC Fight Night: Emmett vs. Vallejos,2026-03-14,https://sportsbook.draftkings.com/event/33766383?outcomes=0ML83745393_3,https://sportsbook.draftkings.com/event/33766391?outcomes=0ML83745398_3+0ML83745391_3+0ML83745395_3+0ML83746181_1+0ML83745393_3,1.52,1194.0,1,2.3333,4.8533,2.3333,1.9259,2026-03-15
Piera Rodriguez_vs_Sam Hughes,Piera Rodriguez,Piera Rodriguez,Sam Hughes,Women's Strawweight,Wrestler,Striker,False,0.5259,-154.0,-154.0,0.5824,0.6028,0.0205,0.0,0.3397,0.1247,0.5357,UFC Fight Night: Emmett vs. Vallejos,2026-03-14,,https://sportsbook.draftkings.com/event/33766391?outcomes=0ML83745398_3+0ML83745391_3+0ML83745395_3+0ML83746181_1+0ML83745393_3,1.52,1194.0,1,0.0,0.0,0.0,0.0,2026-03-15
Sam Hughes_vs_Piera Rodriguez,Sam Hughes,Sam Hughes,Piera Rodriguez,Women's Strawweight,Striker,BJJ,False,0.5259,130.0,130.0,0.4176,0.3972,-0.0205,0.0,0.3397,0.1247,0.5357,UFC Fight Night: Emmett vs. Vallejos,2026-03-14,,https://sportsbook.draftkings.com/event/33766391?outcomes=0ML83745398_3+0ML83745391_3+0ML83745395_3+0ML83746181_1+0ML83745393_3,1.52,1194.0,0,0.0,0.0,0.0,0.0,2026-03-15
Movsar Evloev_vs_Lerone Murphy,Movsar Evloev,Movsar Evloev,Lerone Murphy,Featherweight,BJJ,Wrestler,False,0.5259,-250.0,-250.0,0.6804,0.6343,-0.0461,0.0,0.2807,0.2142,0.5051,UFC Fight Night: Evloev vs. Murphy,2026-03-21,,https://sportsbook.draftkings.com/event/33621617?outcomes=0ML83377242_3,0.0,,1,0.0,0.0,0.0,0.0,2026-03-22
Lerone Murphy_vs_Movsar Evloev,Lerone Murphy,Lerone Murphy,Movsar Evloev,Featherweight,Sniper,BJJ,False,0.5259,198.0,198.0,0.3196,0.3657,0.0461,2.55,0.2807,0.2142,0.5051,UFC Fight Night: Evloev vs. Murphy,2026-03-21,https://sportsbook.draftkings.com/event/33621617?outcomes=0ML83377242_3,https://sportsbook.draftkings.com/event/33621617?outcomes=0ML83377242_3,0.0,,0,0.0,0.0,-2.55,0.0,2026-03-22
Michael Page_vs_Sam Patterson,Michael Page,Michael Page,Sam Patterson,Welterweight,Mixed,BJJ,False,0.5259,-178.0,-178.0,0.6097,0.6237,0.0139,0.0,0.3525,0.1827,0.4648,UFC Fight Night: Evloev vs. Murphy,2026-03-21,,https://sportsbook.draftkings.com/event/33621617?outcomes=0ML83377242_3,0.0,,1,0.0,0.0,0.0,0.0,2026-03-22
Sam Patterson_vs_Michael Page,Sam Patterson,Sam Patterson,Michael Page,Welterweight,Mixed,BJJ,False,0.5259,144.0,144.0,0.3903,0.3763,-0.0139,0.0,0.3525,0.1827,0.4648,UFC Fight Night: Evloev vs. Murphy,2026-03-21,,https://sportsbook.draftkings.com/event/33621617?outcomes=0ML83377242_3,0.0,,0,0.0,0.0,0.0,0.0,2026-03-22
Roman Dolidze_vs_Christian Leroy Duncan,Roman Dolidze,Roman Dolidze,Christian Leroy Duncan,Middleweight,Striker,BJJ,False,0.5259,340.0,340.0,0.2161,0.2453,0.0292,0.0,0.4478,0.1392,0.413,UFC Fight Night: Evloev vs. Murphy,2026-03-21,,https://sportsbook.draftkings.com/event/33621617?outcomes=0ML83377242_3,0.0,,0,0.0,0.0,0.0,0.0,2026-03-22
Christian Leroy Duncan_vs_Roman Dolidze,Christian Leroy Duncan,Christian Leroy Duncan,Roman Dolidze,Middleweight,Sniper,BJJ,False,0.5259,-470.0,-470.0,0.7839,0.7547,-0.0292,0.0,0.4478,0.1392,0.413,UFC Fight Night: Evloev vs. Murphy,2026-03-21,,https://sportsbook.draftkings.com/event/33621617?outcomes=0ML83377242_3,0.0,,1,0.0,0.0,0.0,0.0,2026-03-22
Israel Adesanya_vs_Joe Pyfer,Israel Adesanya,Israel Adesanya,Joe Pyfer,Middleweight,Striker,Striker,False,0.527,-130.0,-130.0,0.5331,0.3993,-0.1338,0.0,0.4108,0.1081,0.481,UFC Fight Night: Adesanya vs. Pyfer,2026-03-28,,https://sportsbook.draftkings.com/event/33462193?outcomes=0ML82984687_3+0ML83911438_3+0ML83911441_3+0ML83911442_1,1.55,915.0,0,0.0,0.0,0.0,0.0,2026-03-29
Joe Pyfer_vs_Israel Adesanya,Joe Pyfer,Joe Pyfer,Israel Adesanya,Middleweight,Striker,Striker,False,0.527,102.0,102.0,0.4669,0.6007,0.1338,2.68,0.4108,0.1081,0.481,UFC Fight Night: Adesanya vs. Pyfer,2026-03-28,https://sportsbook.draftkings.com/event/33462193?outcomes=0ML82984687_3,https://sportsbook.draftkings.com/event/33462193?outcomes=0ML82984687_3+0ML83911438_3+0ML83911441_3+0ML83911442_1,1.55,915.0,1,2.7336,5.4136,2.7336,2.02,2026-03-29
Alexa Grasso_vs_Maycee Barber,Alexa Grasso,Alexa Grasso,Maycee Barber,Women's Flyweight,Striker,BJJ,False,0.527,124.0,124.0,0.4216,0.3276,-0.094,0.0,0.375,0.1252,0.4998,UFC Fight Night: Adesanya vs. Pyfer,2026-03-28,,https://sportsbook.draftkings.com/event/33462193?outcomes=0ML82984687_3+0ML83911438_3+0ML83911441_3+0ML83911442_1,1.55,915.0,1,0.0,0.0,0.0,0.0,2026-03-29
Maycee Barber_vs_Alexa Grasso,Maycee Barber,Maycee Barber,Alexa Grasso,Women's Flyweight,Wrestler,Striker,False,0.527,-158.0,-158.0,0.5784,0.6724,0.094,2.73,0.375,0.1252,0.4998,UFC Fight Night: Adesanya vs. Pyfer,2026-03-28,https://sportsbook.draftkings.com/event/33833370?outcomes=0ML83911438_3,https://sportsbook.draftkings.com/event/33462193?outcomes=0ML82984687_3+0ML83911438_3+0ML83911441_3+0ML83911442_1,1.55,915.0,0,0.0,0.0,-2.73,0.0,2026-03-29
Michael Chiesa_vs_Niko Price,Michael Chiesa,Michael Chiesa,Niko Price,Welterweight,BJJ,Wrestler,False,0.527,-850.0,-850.0,0.8579,0.8537,-0.0042,0.0,0.2766,0.2619,0.4615,UFC Fight Night: Adesanya vs. Pyfer,2026-03-28,,https://sportsbook.draftkings.com/event/33462193?outcomes=0ML82984687_3+0ML83911438_3+0ML83911441_3+0ML83911442_1,1.55,915.0,1,0.0,0.0,0.0,0.0,2026-03-29
Niko Price_vs_Michael Chiesa,Niko Price,Niko Price,Michael Chiesa,Welterweight,BJJ,Wrestler,False,0.527,575.0,575.0,0.1421,0.1463,0.0042,0.0,0.2766,0.2619,0.4615,UFC Fight Night: Adesanya vs. Pyfer,2026-03-28,,https://sportsbook.draftkings.com/event/33462193?outcomes=0ML82984687_3+0ML83911438_3+0ML83911441_3+0ML83911442_1,1.55,915.0,0,0.0,0.0,0.0,0.0,2026-03-29
Terrance McKinney_vs_Kyle Nelson,Terrance McKinney,Terrance McKinney,Kyle Nelson,Lightweight,BJJ,Wrestler,False,0.527,-150.0,-150.0,0.5667,0.5278,-0.039,0.0,0.268,0.2612,0.4708,UFC Fight Night: Adesanya vs. Pyfer,2026-03-28,,https://sportsbook.draftkings.com/event/33462193?outcomes=0ML82984687_3+0ML83911438_3+0ML83911441_3+0ML83911442_1,1.55,915.0,1,0.0,0.0,0.0,0.0,2026-03-29
Kyle Nelson_vs_Terrance McKinney,Kyle Nelson,Kyle Nelson,Terrance McKinney,Lightweight,BJJ,Wrestler,False,0.527,118.0,118.0,0.4333,0.4722,0.039,0.0,0.268,0.2612,0.4708,UFC Fight Night: Adesanya vs. Pyfer,2026-03-28,,https://sportsbook.draftkings.com/event/33462193?outcomes=0ML82984687_3+0ML83911438_3+0ML83911441_3+0ML83911442_1,1.55,915.0,0,0.0,0.0,0.0,0.0,2026-03-29
Casey O'Neill_vs_Gabriella Fernandes,Casey O'Neill,Casey O'Neill,Gabriella Fernandes,Women's Flyweight,BJJ,Striker,False,0.527,,,0.4852,0.4106,-0.0746,0.0,0.3432,0.1704,0.4863,UFC Fight Night: Adesanya vs. Pyfer,2026-03-28,,https://sportsbook.draftkings.com/event/33462193?outcomes=0ML82984687_3+0ML83911438_3+0ML83911441_3+0ML83911442_1,1.55,915.0,1,0.0,0.0,0.0,0.0,2026-03-29
Gabriella Fernandes_vs_Casey O'Neill,Gabriella Fernandes,Gabriella Fernandes,Casey O'Neill,Women's Flyweight,Muay_Thai,BJJ,False,0.527,-113.0,-113.0,0.5148,0.5894,0.0746,2.6,0.3432,0.1704,0.4863,UFC Fight Night: Adesanya vs. Pyfer,2026-03-28,https://sportsbook.draftkings.com/event/33833375?outcomes=0ML83911441_3,https://sportsbook.draftkings.com/event/33462193?outcomes=0ML82984687_3+0ML83911438_3+0ML83911441_3+0ML83911442_1,1.55,915.0,0,0.0,0.0,-2.6,0.0,2026-03-29
Navajo Stirling_vs_Bruno Lopes,Navajo Stirling,Navajo Stirling,Bruno Lopes,Light Heavyweight,Mixed,BJJ,False,0.527,-440.0,-440.0,0.7696,0.7457,-0.0239,0.0,0.4706,0.1872,0.3422,UFC Fight Night: Adesanya vs. Pyfer,2026-03-28,,https://sportsbook.draftkings.com/event/33462193?outcomes=0ML82984687_3+0ML83911438_3+0ML83911441_3+0ML83911442_1,1.55,915.0,1,0.0,0.0,0.0,0.0,2026-03-29
Bruno Lopes_vs_Navajo Stirling,Bruno Lopes,Bruno Lopes,Navajo Stirling,Light Heavyweight,Mixed,BJJ,False,0.527,310.0,310.0,0.2304,0.2543,0.0239,0.0,0.4706,0.1872,0.3422,UFC Fight Night: Adesanya vs. Pyfer,2026-03-28,,https://sportsbook.draftkings.com/event/33462193?outcomes=0ML82984687_3+0ML83911438_3+0ML83911441_3+0ML83911442_1,1.55,915.0,0,0.0,0.0,0.0,0.0,2026-03-29
Adrian Yanez_vs_Ricky Simon,Adrian Yanez,Adrian Yanez,Ricky Simon,Bantamweight,Striker,BJJ,False,0.527,124.0,124.0,0.4216,0.3371,-0.0846,0.0,0.224,0.1361,0.6399,UFC Fight Night: Adesanya vs. Pyfer,2026-03-28,,https://sportsbook.draftkings.com/event/33462193?outcomes=0ML82984687_3+0ML83911438_3+0ML83911441_3+0ML83911442_1,1.55,915.0,0,0.0,0.0,0.0,0.0,2026-03-29
Alexia Thainara_vs_Bruna Brasil,Alexia Thainara,Alexia Thainara,Bruna Brasil,Women's Strawweight,Mixed,BJJ,False,0.527,-480.0,-480.0,0.7806,0.7834,0.0028,0.0,0.3423,0.1824,0.4752,UFC Fight Night: Adesanya vs. Pyfer,2026-03-28,,https://sportsbook.draftkings.com/event/33462193?outcomes=0ML82984687_3+0ML83911438_3+0ML83911441_3+0ML83911442_1,1.55,915.0,1,0.0,0.0,0.0,0.0,2026-03-29
Bruna Brasil_vs_Alexia Thainara,Bruna Brasil,Bruna Brasil,Alexia Thainara,Women's Strawweight,Mixed,BJJ,False,0.527,330.0,330.0,0.2194,0.2166,-0.0028,0.0,0.3423,0.1824,0.4752,UFC Fight Night: Adesanya vs. Pyfer,2026-03-28,,https://sportsbook.draftkings.com/event/33462193?outcomes=0ML82984687_3+0ML83911438_3+0ML83911441_3+0ML83911442_1,1.55,915.0,0,0.0,0.0,0.0,0.0,2026-03-29
Renato Moicano_vs_Chris Duncan,Renato Moicano,Renato Moicano,Chris Duncan,Lightweight,BJJ,Wrestler,False,0.5259,150.0,150.0,0.4444,0.437,-0.0074,0.0,0.2723,0.263,0.4647,UFC Fight Night: Moicano vs. Duncan,2026-04-04,,https://sportsbook.draftkings.com/event/33895836?outcomes=0ML84078411_3,0.0,,1,0.0,0.0,0.0,0.0,2026-04-05
Chris Duncan_vs_Renato Moicano,Chris Duncan,Chris Duncan,Renato Moicano,Lightweight,BJJ,Wrestler,False,0.5259,,,0.5556,0.563,0.0074,0.0,0.2723,0.263,0.4647,UFC Fight Night: Moicano vs. Duncan,2026-04-04,,https://sportsbook.draftkings.com/event/33895836?outcomes=0ML84078411_3,0.0,,0,0.0,0.0,0.0,0.0,2026-04-05
Virna Jandiroba_vs_Tabatha Ricci,Virna Jandiroba,Virna Jandiroba,Tabatha Ricci,Women's Strawweight,BJJ,Wrestler,False,0.5259,-117.0,-117.0,0.5188,0.5006,-0.0182,0.0,0.3046,0.1818,0.5137,UFC Fight Night: Moicano vs. Duncan,2026-04-04,,https://sportsbook.draftkings.com/event/33895836?outcomes=0ML84078411_3,0.0,,1,0.0,0.0,0.0,0.0,2026-04-05
Tabatha Ricci_vs_Virna Jandiroba,Tabatha Ricci,Tabatha Ricci,Virna Jandiroba,Women's Strawweight,Wrestler,BJJ,False,0.5259,,,0.4812,0.4994,0.0182,0.0,0.3046,0.1818,0.5137,UFC Fight Night: Moicano vs. Duncan,2026-04-04,,https://sportsbook.draftkings.com/event/33895836?outcomes=0ML84078411_3,0.0,,0,0.0,0.0,0.0,0.0,2026-04-05
Alessandro Costa_vs_Stewart Nicoll,Alessandro Costa,Alessandro Costa,Stewart Nicoll,Flyweight,Striker,BJJ,False,0.5259,150.0,150.0,0.6454,0.6099,-0.0355,0.0,0.23,0.1745,0.5955,UFC Fight Night: Moicano vs. Duncan,2026-04-04,,https://sportsbook.draftkings.com/event/33895836?outcomes=0ML84078411_3,0.0,,1,0.0,0.0,0.0,0.0,2026-04-05
Stewart Nicoll_vs_Alessandro Costa,Stewart Nicoll,Stewart Nicoll,Alessandro Costa,Flyweight,Mixed,BJJ,False,0.5259,355.0,355.0,0.3546,0.3901,0.0355,0.0,0.23,0.1745,0.5955,UFC Fight Night: Moicano vs. Duncan,2026-04-04,,https://sportsbook.draftkings.com/event/33895836?outcomes=0ML84078411_3,0.0,,0,0.0,0.0,0.0,0.0,2026-04-05
Lando Vannata_vs_Darrius Flowers,Lando Vannata,Lando Vannata,Darrius Flowers,Lightweight,BJJ,Wrestler,False,0.5259,-203.0,-203.0,0.5726,0.583,0.0104,0.0,0.2808,0.2198,0.4994,UFC Fight Night: Moicano vs. Duncan,2026-04-04,,https://sportsbook.draftkings.com/event/33895836?outcomes=0ML84078411_3,0.0,,0,0.0,0.0,0.0,0.0,2026-04-05
Darrius Flowers_vs_Lando Vannata,Darrius Flowers,Darrius Flowers,Lando Vannata,Lightweight,Mixed,BJJ,False,0.5259,,,0.4274,0.417,-0.0104,0.0,0.2808,0.2198,0.4994,UFC Fight Night: Moicano vs. Duncan,2026-04-04,,https://sportsbook.draftkings.com/event/33895836?outcomes=0ML84078411_3,0.0,,1,0.0,0.0,0.0,0.0,2026-04-05
Azamat Bekoev_vs_Tresean Gore,Azamat Bekoev,Azamat Bekoev,Tresean Gore,Middleweight,Mixed,BJJ,False,0.5259,,,0.7576,0.5778,-0.1797,0.0,0.3989,0.223,0.3781,UFC Fight Night: Moicano vs. Duncan,2026-04-04,,https://sportsbook.draftkings.com/event/33895836?outcomes=0ML84078411_3,0.0,,0,0.0,0.0,0.0,0.0,2026-04-05
Tresean Gore_vs_Azamat Bekoev,Tresean Gore,Tresean Gore,Azamat Bekoev,Middleweight,BJJ,Wrestler,False,0.5259,525.0,525.0,0.2424,0.4222,0.1797,2.71,0.3989,0.223,0.3781,UFC Fight Night: Moicano vs. Duncan,2026-04-04,https://sportsbook.draftkings.com/event/33895836?outcomes=0ML84078411_3,https://sportsbook.draftkings.com/event/33895836?outcomes=0ML84078411_3,0.0,,1,14.2275,16.9375,14.2275,6.25,2026-04-05
Dione Barbosa_vs_Melissa Gatto,Dione Barbosa,Dione Barbosa,Melissa Gatto,Women's Flyweight,BJJ,Wrestler,False,0.5259,,,0.5157,0.4959,-0.0199,0.0,0.2808,0.2198,0.4994,UFC Fight Night: Moicano vs. Duncan,2026-04-04,,https://sportsbook.draftkings.com/event/33895836?outcomes=0ML84078411_3,0.0,,1,0.0,0.0,0.0,0.0,2026-04-05
Melissa Gatto_vs_Dione Barbosa,Melissa Gatto,Melissa Gatto,Dione Barbosa,Women's Flyweight,Mixed,BJJ,False,0.5259,113.0,113.0,0.4843,0.5041,0.0199,0.0,0.2808,0.2198,0.4994,UFC Fight Night: Moicano vs. Duncan,2026-04-04,,https://sportsbook.draftkings.com/event/33895836?outcomes=0ML84078411_3,0.0,,0,0.0,0.0,0.0,0.0,2026-04-05
Jiri Prochazka_vs_Carlos Ulberg,Jiri Prochazka,Jiri Prochazka,Carlos Ulberg,Light Heavyweight,Striker,Striker,False,0.522,-104.0,-104.0,0.5049,0.5001,-0.0048,0.0,0.4786,0.1103,0.4112,UFC 327: Prochazka vs. Ulberg,2026-04-11,,https://gambly.com/gambly-bot?auto=1&prompt=johnny+walker+moneyline+and+mateusz+gamrot+moneyline+and+francisco+prado+moneyline,1.55,794.0,0,0.0,0.0,0.0,0.0,2026-04-12
Carlos Ulberg_vs_Jiri Prochazka,Carlos Ulberg,Carlos Ulberg,Jiri Prochazka,Light Heavyweight,Striker,Striker,False,0.522,,,0.4951,0.4999,0.0048,0.0,0.4786,0.1103,0.4112,UFC 327: Prochazka vs. Ulberg,2026-04-11,,https://gambly.com/gambly-bot?auto=1&prompt=johnny+walker+moneyline+and+mateusz+gamrot+moneyline+and+francisco+prado+moneyline,1.55,794.0,1,0.0,0.0,0.0,0.0,2026-04-12
Azamat Murzakanov_vs_Paulo Costa,Azamat Murzakanov,Azamat Murzakanov,Paulo Costa,Light Heavyweight,Striker,Striker,False,0.522,,,0.5772,0.5641,-0.0131,0.0,0.4786,0.1103,0.4112,UFC 327: Prochazka vs. Ulberg,2026-04-11,,https://gambly.com/gambly-bot?auto=1&prompt=johnny+walker+moneyline+and+mateusz+gamrot+moneyline+and+francisco+prado+moneyline,1.55,794.0,0,0.0,0.0,0.0,0.0,2026-04-12
Paulo Costa_vs_Azamat Murzakanov,Paulo Costa,Paulo Costa,Azamat Murzakanov,Light Heavyweight,Striker,Striker,False,0.522,173.0,173.0,0.4228,0.4359,0.0131,0.0,0.4786,0.1103,0.4112,UFC 327: Prochazka vs. Ulberg,2026-04-11,,https://gambly.com/gambly-bot?auto=1&prompt=johnny+walker+moneyline+and+mateusz+gamrot+moneyline+and+francisco+prado+moneyline,1.55,794.0,1,0.0,0.0,0.0,0.0,2026-04-12
Curtis Blaydes_vs_Josh Hokit,Curtis Blaydes,Curtis Blaydes,Josh Hokit,Heavyweight,Wrestler,Wrestler,False,0.522,,,0.5157,0.5033,-0.0124,0.0,0.472,0.109,0.419,UFC 327: Prochazka vs. Ulberg,2026-04-11,,https://gambly.com/gambly-bot?auto=1&prompt=johnny+walker+moneyline+and+mateusz+gamrot+moneyline+and+francisco+prado+moneyline,1.55,794.0,0,0.0,0.0,0.0,0.0,2026-04-12
Josh Hokit_vs_Curtis Blaydes,Josh Hokit,Josh Hokit,Curtis Blaydes,Heavyweight,Mixed,BJJ,False,0.522,113.0,113.0,0.4843,0.4967,0.0124,0.0,0.472,0.109,0.419,UFC 327: Prochazka vs. Ulberg,2026-04-11,,https://gambly.com/gambly-bot?auto=1&prompt=johnny+walker+moneyline+and+mateusz+gamrot+moneyline+and+francisco+prado+moneyline,1.55,794.0,1,0.0,0.0,0.0,0.0,2026-04-12
Dominick Reyes_vs_Johnny Walker,Dominick Reyes,Dominick Reyes,Johnny Walker,Light Heavyweight,Striker,BJJ,False,0.522,,,0.5316,0.4746,-0.057,0.0,0.4733,0.1237,0.403,UFC 327: Prochazka vs. Ulberg,2026-04-11,,https://gambly.com/gambly-bot?auto=1&prompt=johnny+walker+moneyline+and+mateusz+gamrot+moneyline+and+francisco+prado+moneyline,1.55,794.0,1,0.0,0.0,0.0,0.0,2026-04-12
Johnny Walker_vs_Dominick Reyes,Johnny Walker,Johnny Walker,Dominick Reyes,Light Heavyweight,Mixed,BJJ,False,0.522,127.0,127.0,0.4684,0.5254,0.057,2.57,0.4733,0.1237,0.403,UFC 327: Prochazka vs. Ulberg,2026-04-11,https://gambly.com/gambly-bot?auto=1&prompt=johnny+walker+moneyline,https://gambly.com/gambly-bot?auto=1&prompt=johnny+walker+moneyline+and+mateusz+gamrot+moneyline+and+francisco+prado+moneyline,1.55,794.0,0,0.0,0.0,-2.57,0.0,2026-04-12
Cub Swanson_vs_Nate Landwehr,Cub Swanson,Cub Swanson,Nate Landwehr,Featherweight,Striker,Striker,False,0.522,,,0.505,0.5127,0.0078,0.0,0.294,0.1006,0.6054,UFC 327: Prochazka vs. Ulberg,2026-04-11,,https://gambly.com/gambly-bot?auto=1&prompt=johnny+walker+moneyline+and+mateusz+gamrot+moneyline+and+francisco+prado+moneyline,1.55,794.0,1,0.0,0.0,0.0,0.0,2026-04-12
Nate Landwehr_vs_Cub Swanson,Nate Landwehr,Nate Landwehr,Cub Swanson,Featherweight,Striker,Striker,False,0.522,104.0,104.0,0.495,0.4873,-0.0078,0.0,0.294,0.1006,0.6054,UFC 327: Prochazka vs. Ulberg,2026-04-11,,https://gambly.com/gambly-bot?auto=1&prompt=johnny+walker+moneyline+and+mateusz+gamrot+moneyline+and+francisco+prado+moneyline,1.55,794.0,0,0.0,0.0,0.0,0.0,2026-04-12
Kevin Holland_vs_Randy Brown,Kevin Holland,Kevin Holland,Randy Brown,Welterweight,Striker,BJJ,False,0.522,,,0.4906,0.5124,0.0219,0.0,0.3118,0.1641,0.5242,UFC 327: Prochazka vs. Ulberg,2026-04-11,,https://gambly.com/gambly-bot?auto=1&prompt=johnny+walker+moneyline+and+mateusz+gamrot+moneyline+and+francisco+prado+moneyline,1.55,794.0,1,0.0,0.0,0.0,0.0,2026-04-12
Randy Brown_vs_Kevin Holland,Randy Brown,Randy Brown,Kevin Holland,Welterweight,BJJ,Wrestler,False,0.522,-108.0,-108.0,0.5094,0.4876,-0.0219,0.0,0.3118,0.1641,0.5242,UFC 327: Prochazka vs. Ulberg,2026-04-11,,https://gambly.com/gambly-bot?auto=1&prompt=johnny+walker+moneyline+and+mateusz+gamrot+moneyline+and+francisco+prado+moneyline,1.55,794.0,0,0.0,0.0,0.0,0.0,2026-04-12
Mateusz Gamrot_vs_Esteban Ribovics,Mateusz Gamrot,Mateusz Gamrot,Esteban Ribovics,Lightweight,Wrestler,Striker,False,0.522,-186.0,-186.0,0.5653,0.6137,0.0483,2.5,0.3489,0.1256,0.5255,UFC 327: Prochazka vs. Ulberg,2026-04-11,https://gambly.com/gambly-bot?auto=1&prompt=mateusz+gamrot+moneyline,https://gambly.com/gambly-bot?auto=1&prompt=johnny+walker+moneyline+and+mateusz+gamrot+moneyline+and+francisco+prado+moneyline,1.55,794.0,1,1.3441,3.8441,1.3441,1.5376,2026-04-12
Esteban Ribovics_vs_Mateusz Gamrot,Esteban Ribovics,Esteban Ribovics,Mateusz Gamrot,Lightweight,Striker,BJJ,False,0.522,,,0.4347,0.3863,-0.0483,0.0,0.3489,0.1256,0.5255,UFC 327: Prochazka vs. Ulberg,2026-04-11,,https://gambly.com/gambly-bot?auto=1&prompt=johnny+walker+moneyline+and+mateusz+gamrot+moneyline+and+francisco+prado+moneyline,1.55,794.0,0,0.0,0.0,0.0,0.0,2026-04-12
Tatiana Suarez_vs_Loopy Godinez,Tatiana Suarez,Tatiana Suarez,Loopy Godinez,Women's Strawweight,BJJ,Wrestler,False,0.522,-150.0,-150.0,0.5455,0.5017,-0.0438,0.0,0.2701,0.2617,0.4682,UFC 327: Prochazka vs. Ulberg,2026-04-11,,https://gambly.com/gambly-bot?auto=1&prompt=johnny+walker+moneyline+and+mateusz+gamrot+moneyline+and+francisco+prado+moneyline,1.55,794.0,1,0.0,0.0,0.0,0.0,2026-04-12
Loopy Godinez_vs_Tatiana Suarez,Loopy Godinez,Loopy Godinez,Tatiana Suarez,Women's Strawweight,BJJ,Wrestler,False,0.522,,,0.4545,0.4983,0.0438,0.0,0.2701,0.2617,0.4682,UFC 327: Prochazka vs. Ulberg,2026-04-11,,https://gambly.com/gambly-bot?auto=1&prompt=johnny+walker+moneyline+and+mateusz+gamrot+moneyline+and+francisco+prado+moneyline,1.55,794.0,0,0.0,0.0,0.0,0.0,2026-04-12
Chris Padilla_vs_MarQuel Mederos,Chris Padilla,Chris Padilla,MarQuel Mederos,Lightweight,BJJ,Wrestler,False,0.522,,,0.5434,0.5141,-0.0292,0.0,0.3066,0.1979,0.4954,UFC 327: Prochazka vs. Ulberg,2026-04-11,,https://gambly.com/gambly-bot?auto=1&prompt=johnny+walker+moneyline+and+mateusz+gamrot+moneyline+and+francisco+prado+moneyline,1.55,794.0,0,0.0,0.0,0.0,0.0,2026-04-12
MarQuel Mederos_vs_Chris Padilla,MarQuel Mederos,MarQuel Mederos,Chris Padilla,Lightweight,Mixed,BJJ,False,0.522,138.0,138.0,0.4566,0.4859,0.0292,0.0,0.3066,0.1979,0.4954,UFC 327: Prochazka vs. Ulberg,2026-04-11,,https://gambly.com/gambly-bot?auto=1&prompt=johnny+walker+moneyline+and+mateusz+gamrot+moneyline+and+francisco+prado+moneyline,1.55,794.0,0,0.0,0.0,0.0,0.0,2026-04-12
Kelvin Gastelum_vs_Vicente Luque,Kelvin Gastelum,Kelvin Gastelum,Vicente Luque,Middleweight,Striker,Striker,False,0.522,,,0.6132,0.5759,-0.0372,0.0,0.4084,0.1091,0.4826,UFC 327: Prochazka vs. Ulberg,2026-04-11,,https://gambly.com/gambly-bot?auto=1&prompt=johnny+walker+moneyline+and+mateusz+gamrot+moneyline+and+francisco+prado+moneyline,1.55,794.0,0,0.0,0.0,0.0,0.0,2026-04-12
Vicente Luque_vs_Kelvin Gastelum,Vicente Luque,Vicente Luque,Kelvin Gastelum,Middleweight,Striker,Striker,False,0.522,217.0,217.0,0.3868,0.4241,0.0372,0.0,0.4084,0.1091,0.4826,UFC 327: Prochazka vs. Ulberg,2026-04-11,,https://gambly.com/gambly-bot?auto=1&prompt=johnny+walker+moneyline+and+mateusz+gamrot+moneyline+and+francisco+prado+moneyline,1.55,794.0,1,0.0,0.0,0.0,0.0,2026-04-12
Charles Radtke_vs_Francisco Prado,Charles Radtke,Charles Radtke,Francisco Prado,Welterweight,Mixed,BJJ,False,0.522,,,0.5614,0.4671,-0.0943,0.0,0.3537,0.1648,0.4815,UFC 327: Prochazka vs. Ulberg,2026-04-11,,https://gambly.com/gambly-bot?auto=1&prompt=johnny+walker+moneyline+and+mateusz+gamrot+moneyline+and+francisco+prado+moneyline,1.55,794.0,1,0.0,0.0,0.0,0.0,2026-04-12
Francisco Prado_vs_Charles Radtke,Francisco Prado,Francisco Prado,Charles Radtke,Welterweight,Striker,BJJ,False,0.522,156.0,156.0,0.4386,0.5329,0.0943,2.6,0.3537,0.1648,0.4815,UFC 327: Prochazka vs. Ulberg,2026-04-11,https://gambly.com/gambly-bot?auto=1&prompt=francisco+prado+moneyline,https://gambly.com/gambly-bot?auto=1&prompt=johnny+walker+moneyline+and+mateusz+gamrot+moneyline+and+francisco+prado+moneyline,1.55,794.0,0,0.0,0.0,-2.6,0.0,2026-04-12
Gilbert Burns_vs_Mike Malott,Gilbert Burns,Gilbert Burns,Mike Malott,Welterweight,BJJ,Wrestler,False,0.519,,,0.4049,0.2649,-0.1401,0.0,0.3186,0.2146,0.4668,UFC Fight Night: Burns vs. Malott,2026-04-18,,https://gambly.com/gambly-bot?auto=1&prompt=mike+malott+moneyline+and+kyler+phillips+moneyline+and+jj+aldrich+moneyline,1.56,635.0,0,0.0,0.0,0.0,0.0,2026-04-19
Mike Malott_vs_Gilbert Burns,Mike Malott,Mike Malott,Gilbert Burns,Welterweight,Sniper,BJJ,False,0.519,-277.0,-277.0,0.5951,0.7351,0.1401,2.5,0.3186,0.2146,0.4668,UFC Fight Night: Burns vs. Malott,2026-04-18,https://gambly.com/gambly-bot?auto=1&prompt=mike+malott+moneyline,https://gambly.com/gambly-bot?auto=1&prompt=mike+malott+moneyline+and+kyler+phillips+moneyline+and+jj+aldrich+moneyline,1.56,635.0,1,0.9025,3.4025,0.9025,1.361,2026-04-19
Kyler Phillips_vs_Charles Jourdain,Kyler Phillips,Kyler Phillips,Charles Jourdain,Bantamweight,Wrestler,Striker,False,0.519,127.0,127.0,0.4684,0.5109,0.0426,2.56,0.2609,0.1356,0.6035,UFC Fight Night: Burns vs. Malott,2026-04-18,https://gambly.com/gambly-bot?auto=1&prompt=kyler+phillips+moneyline,https://gambly.com/gambly-bot?auto=1&prompt=mike+malott+moneyline+and+kyler+phillips+moneyline+and+jj+aldrich+moneyline,1.56,635.0,0,0.0,0.0,-2.56,0.0,2026-04-19
Charles Jourdain_vs_Kyler Phillips,Charles Jourdain,Charles Jourdain,Kyler Phillips,Bantamweight,Striker,BJJ,False,0.519,,,0.5316,0.4891,-0.0426,0.0,0.2609,0.1356,0.6035,UFC Fight Night: Burns vs. Malott,2026-04-18,,https://gambly.com/gambly-bot?auto=1&prompt=mike+malott+moneyline+and+kyler+phillips+moneyline+and+jj+aldrich+moneyline,1.56,635.0,1,0.0,0.0,0.0,0.0,2026-04-19
Jasmine Jasudavicius_vs_Karine Silva,Jasmine Jasudavicius,Jasmine Jasudavicius,Karine Silva,Women's Flyweight,Wrestler,BJJ,False,0.519,,,0.6377,0.6244,-0.0133,0.0,0.2985,0.2232,0.4783,UFC Fight Night: Burns vs. Malott,2026-04-18,,https://gambly.com/gambly-bot?auto=1&prompt=mike+malott+moneyline+and+kyler+phillips+moneyline+and+jj+aldrich+moneyline,1.56,635.0,1,0.0,0.0,0.0,0.0,2026-04-19
Karine Silva_vs_Jasmine Jasudavicius,Karine Silva,Karine Silva,Jasmine Jasudavicius,Women's Flyweight,BJJ,Wrestler,False,0.519,252.0,252.0,0.3623,0.3756,0.0133,0.0,0.2985,0.2232,0.4783,UFC Fight Night: Burns vs. Malott,2026-04-18,,https://gambly.com/gambly-bot?auto=1&prompt=mike+malott+moneyline+and+kyler+phillips+moneyline+and+jj+aldrich+moneyline,1.56,635.0,0,0.0,0.0,0.0,0.0,2026-04-19
Thiago Moises_vs_Gauge Young,Thiago Moises,Thiago Moises,Gauge Young,Lightweight,BJJ,Wrestler,False,0.519,133.0,133.0,0.4619,0.4766,0.0147,0.0,0.3141,0.2039,0.482,UFC Fight Night: Burns vs. Malott,2026-04-18,,https://gambly.com/gambly-bot?auto=1&prompt=mike+malott+moneyline+and+kyler+phillips+moneyline+and+jj+aldrich+moneyline,1.56,635.0,0,0.0,0.0,0.0,0.0,2026-04-19
Gauge Young_vs_Thiago Moises,Gauge Young,Gauge Young,Thiago Moises,Lightweight,Mixed,BJJ,False,0.519,,,0.5381,0.5234,-0.0147,0.0,0.3141,0.2039,0.482,UFC Fight Night: Burns vs. Malott,2026-04-18,,https://gambly.com/gambly-bot?auto=1&prompt=mike+malott+moneyline+and+kyler+phillips+moneyline+and+jj+aldrich+moneyline,1.56,635.0,1,0.0,0.0,0.0,0.0,2026-04-19
Melissa Croden_vs_Daria Zhelezniakova,Melissa Croden,Melissa Croden,Daria Zhelezniakova,Women's Bantamweight,Mixed,BJJ,False,0.519,-133.0,-133.0,0.5331,0.453,-0.0801,0.0,0.3427,0.1794,0.4778,UFC Fight Night: Burns vs. Malott,2026-04-18,,https://gambly.com/gambly-bot?auto=1&prompt=mike+malott+moneyline+and+kyler+phillips+moneyline+and+jj+aldrich+moneyline,1.56,635.0,1,0.0,0.0,0.0,0.0,2026-04-19
Daria Zhelezniakova_vs_Melissa Croden,Daria Zhelezniakova,Daria Zhelezniakova,Melissa Croden,Women's Bantamweight,Mixed,BJJ,False,0.519,,,0.4669,0.547,0.0801,0.0,0.3427,0.1794,0.4778,UFC Fight Night: Burns vs. Malott,2026-04-18,,https://gambly.com/gambly-bot?auto=1&prompt=mike+malott+moneyline+and+kyler+phillips+moneyline+and+jj+aldrich+moneyline,1.56,635.0,0,0.0,0.0,0.0,0.0,2026-04-19
JJ Aldrich_vs_Jamey-Lyn Horth,JJ Aldrich,JJ Aldrich,Jamey-Lyn Horth,Women's Flyweight,Wrestler,Wrestler,False,0.519,138.0,138.0,0.4566,0.5821,0.1255,2.7,0.3978,0.1338,0.4684,UFC Fight Night: Burns vs. Malott,2026-04-18,https://gambly.com/gambly-bot?auto=1&prompt=jj+aldrich+moneyline,https://gambly.com/gambly-bot?auto=1&prompt=mike+malott+moneyline+and+kyler+phillips+moneyline+and+jj+aldrich+moneyline,1.56,635.0,1,3.726,6.426,3.726,2.38,2026-04-19
Jamey-Lyn Horth_vs_JJ Aldrich,Jamey-Lyn Horth,Jamey-Lyn Horth,JJ Aldrich,Women's Flyweight,Muay_Thai,BJJ,False,0.519,,,0.5434,0.4179,-0.1255,0.0,0.3978,0.1338,0.4684,UFC Fight Night: Burns vs. Malott,2026-04-18,,https://gambly.com/gambly-bot?auto=1&prompt=mike+malott+moneyline+and+kyler+phillips+moneyline+and+jj+aldrich+moneyline,1.56,635.0,0,0.0,0.0,0.0,0.0,2026-04-19
Aljamain Sterling_vs_Youssef Zalal,Aljamain Sterling,Aljamain Sterling,Youssef Zalal,Featherweight,BJJ,Wrestler,False,0.5191,,,0.4719,0.3671,-0.1048,0.0,0.2341,0.2457,0.5202,UFC Fight Night: Sterling vs. Zalal,2026-04-25,,https://gambly.com/gambly-bot?auto=1&prompt=youssef+zalal+moneyline+and+rafa+garcia+moneyline+and+raoni+barcelos+moneyline+and+ryan+spann+moneyline+and+talita+alencar+moneyline,1.53,7310.0,1,0.0,0.0,0.0,0.0,2026-04-26
Youssef Zalal_vs_Aljamain Sterling,Youssef Zalal,Youssef Zalal,Aljamain Sterling,Featherweight,BJJ,Wrestler,False,0.5191,-127.0,-127.0,0.5281,0.6329,0.1048,2.69,0.2341,0.2457,0.5202,UFC Fight Night: Sterling vs. Zalal,2026-04-25,https://gambly.com/gambly-bot?auto=1&prompt=youssef+zalal+moneyline,https://gambly.com/gambly-bot?auto=1&prompt=youssef+zalal+moneyline+and+rafa+garcia+moneyline+and+raoni+barcelos+moneyline+and+ryan+spann+moneyline+and+talita+alencar+moneyline,1.53,7310.0,0,0.0,0.0,-2.69,0.0,2026-04-26
Norma Dumont_vs_Joselyne Edwards,Norma Dumont,Norma Dumont,Joselyne Edwards,Women's Bantamweight,Striker,BJJ,False,0.5191,-186.0,-186.0,0.5653,0.461,-0.1044,0.0,0.3056,0.1406,0.5538,UFC Fight Night: Sterling vs. Zalal,2026-04-25,,https://gambly.com/gambly-bot?auto=1&prompt=youssef+zalal+moneyline+and+rafa+garcia+moneyline+and+raoni+barcelos+moneyline+and+ryan+spann+moneyline+and+talita+alencar+moneyline,1.53,7310.0,0,0.0,0.0,0.0,0.0,2026-04-26
Joselyne Edwards_vs_Norma Dumont,Joselyne Edwards,Joselyne Edwards,Norma Dumont,Women's Bantamweight,BJJ,Wrestler,False,0.5191,,,0.4347,0.539,0.1044,0.0,0.3056,0.1406,0.5538,UFC Fight Night: Sterling vs. Zalal,2026-04-25,,https://gambly.com/gambly-bot?auto=1&prompt=youssef+zalal+moneyline+and+rafa+garcia+moneyline+and+raoni+barcelos+moneyline+and+ryan+spann+moneyline+and+talita+alencar+moneyline,1.53,7310.0,1,0.0,0.0,0.0,0.0,2026-04-26
Rafa Garcia_vs_Alexander Hernandez,Rafa Garcia,Rafa Garcia,Alexander Hernandez,Lightweight,Striker,Striker,False,0.5191,117.0,117.0,0.4796,0.557,0.0773,2.59,0.3389,0.1124,0.5487,UFC Fight Night: Sterling vs. Zalal,2026-04-25,https://gambly.com/gambly-bot?auto=1&prompt=rafa+garcia+moneyline,https://gambly.com/gambly-bot?auto=1&prompt=youssef+zalal+moneyline+and+rafa+garcia+moneyline+and+raoni+barcelos+moneyline+and+ryan+spann+moneyline+and+talita+alencar+moneyline,1.53,7310.0,1,3.0303,5.6203,3.0303,2.17,2026-04-26
Alexander Hernandez_vs_Rafa Garcia,Alexander Hernandez,Alexander Hernandez,Rafa Garcia,Lightweight,Muay_Thai,Striker,False,0.5191,,,0.5204,0.443,-0.0773,0.0,0.3389,0.1124,0.5487,UFC Fight Night: Sterling vs. Zalal,2026-04-25,,https://gambly.com/gambly-bot?auto=1&prompt=youssef+zalal+moneyline+and+rafa+garcia+moneyline+and+raoni+barcelos+moneyline+and+ryan+spann+moneyline+and+talita+alencar+moneyline,1.53,7310.0,0,0.0,0.0,0.0,0.0,2026-04-26
Montel Jackson_vs_Raoni Barcelos,Montel Jackson,Montel Jackson,Raoni Barcelos,Bantamweight,BJJ,Wrestler,False,0.5191,,,0.568,0.5035,-0.0646,0.0,0.2165,0.2442,0.5393,UFC Fight Night: Sterling vs. Zalal,2026-04-25,,https://gambly.com/gambly-bot?auto=1&prompt=youssef+zalal+moneyline+and+rafa+garcia+moneyline+and+raoni+barcelos+moneyline+and+ryan+spann+moneyline+and+talita+alencar+moneyline,1.53,7310.0,1,0.0,0.0,0.0,0.0,2026-04-26
Raoni Barcelos_vs_Montel Jackson,Raoni Barcelos,Raoni Barcelos,Montel Jackson,Bantamweight,Wrestler,BJJ,False,0.5191,163.0,163.0,0.432,0.4965,0.0646,2.58,0.2165,0.2442,0.5393,UFC Fight Night: Sterling vs. Zalal,2026-04-25,https://gambly.com/gambly-bot?auto=1&prompt=raoni+barcelos+moneyline,https://gambly.com/gambly-bot?auto=1&prompt=youssef+zalal+moneyline+and+rafa+garcia+moneyline+and+raoni+barcelos+moneyline+and+ryan+spann+moneyline+and+talita+alencar+moneyline,1.53,7310.0,1,4.2054,6.7854,4.2054,2.63,2026-04-26
Marcus Buchecha_vs_Ryan Spann,Marcus Buchecha,Marcus Buchecha,Ryan Spann,Heavyweight,Mixed,BJJ,False,0.5191,,,0.5316,0.4368,-0.0948,0.0,0.4258,0.1501,0.4241,UFC Fight Night: Sterling vs. Zalal,2026-04-25,,https://gambly.com/gambly-bot?auto=1&prompt=youssef+zalal+moneyline+and+rafa+garcia+moneyline+and+raoni+barcelos+moneyline+and+ryan+spann+moneyline+and+talita+alencar+moneyline,1.53,7310.0,0,0.0,0.0,0.0,0.0,2026-04-26
Ryan Spann_vs_Marcus Buchecha,Ryan Spann,Ryan Spann,Marcus Buchecha,Heavyweight,BJJ,Wrestler,False,0.5191,127.0,127.0,0.4684,0.5632,0.0948,2.62,0.4258,0.1501,0.4241,UFC Fight Night: Sterling vs. Zalal,2026-04-25,https://gambly.com/gambly-bot?auto=1&prompt=ryan+spann+moneyline,https://gambly.com/gambly-bot?auto=1&prompt=youssef+zalal+moneyline+and+rafa+garcia+moneyline+and+raoni+barcelos+moneyline+and+ryan+spann+moneyline+and+talita+alencar+moneyline,1.53,7310.0,1,3.3274,5.9474,3.3274,2.27,2026-04-26
Rodolfo Vieira_vs_Eric McConico,Rodolfo Vieira,Rodolfo Vieira,Eric McConico,Middleweight,BJJ,Wrestler,False,0.5191,-277.0,-277.0,0.5951,0.6098,0.0148,0.0,0.3541,0.2622,0.3837,UFC Fight Night: Sterling vs. Zalal,2026-04-25,,https://gambly.com/gambly-bot?auto=1&prompt=youssef+zalal+moneyline+and+rafa+garcia+moneyline+and+raoni+barcelos+moneyline+and+ryan+spann+moneyline+and+talita+alencar+moneyline,1.53,7310.0,0,0.0,0.0,0.0,0.0,2026-04-26
Eric McConico_vs_Rodolfo Vieira,Eric McConico,Eric McConico,Rodolfo Vieira,Middleweight,Mixed,BJJ,False,0.5191,,,0.4049,0.3902,-0.0148,0.0,0.3541,0.2622,0.3837,UFC Fight Night: Sterling vs. Zalal,2026-04-25,,https://gambly.com/gambly-bot?auto=1&prompt=youssef+zalal+moneyline+and+rafa+garcia+moneyline+and+raoni+barcelos+moneyline+and+ryan+spann+moneyline+and+talita+alencar+moneyline,1.53,7310.0,1,0.0,0.0,0.0,0.0,2026-04-26
Jackson McVey_vs_Sedriques Dumas,Jackson McVey,Jackson McVey,Sedriques Dumas,Middleweight,Mixed,BJJ,False,0.5191,,,0.5745,0.5965,0.022,0.0,0.3819,0.1703,0.4478,UFC Fight Night: Sterling vs. Zalal,2026-04-25,,https://gambly.com/gambly-bot?auto=1&prompt=youssef+zalal+moneyline+and+rafa+garcia+moneyline+and+raoni+barcelos+moneyline+and+ryan+spann+moneyline+and+talita+alencar+moneyline,1.53,7310.0,1,0.0,0.0,0.0,0.0,2026-04-26
Sedriques Dumas_vs_Jackson McVey,Sedriques Dumas,Sedriques Dumas,Jackson McVey,Middleweight,Wrestler,Wrestler,False,0.5191,170.0,170.0,0.4255,0.4035,-0.022,0.0,0.3819,0.1703,0.4478,UFC Fight Night: Sterling vs. Zalal,2026-04-25,,https://gambly.com/gambly-bot?auto=1&prompt=youssef+zalal+moneyline+and+rafa+garcia+moneyline+and+raoni+barcelos+moneyline+and+ryan+spann+moneyline+and+talita+alencar+moneyline,1.53,7310.0,0,0.0,0.0,0.0,0.0,2026-04-26
Jafel Filho_vs_Cody Durden,Jafel Filho,Jafel Filho,Cody Durden,Flyweight,BJJ,Wrestler,False,0.5191,-611.0,-611.0,0.6322,0.5466,-0.0855,0.0,0.1864,0.2652,0.5484,UFC Fight Night: Sterling vs. Zalal,2026-04-25,,https://gambly.com/gambly-bot?auto=1&prompt=youssef+zalal+moneyline+and+rafa+garcia+moneyline+and+raoni+barcelos+moneyline+and+ryan+spann+moneyline+and+talita+alencar+moneyline,1.53,7310.0,0,0.0,0.0,0.0,0.0,2026-04-26
Cody Durden_vs_Jafel Filho,Cody Durden,Cody Durden,Jafel Filho,Flyweight,Wrestler,BJJ,False,0.5191,,,0.3678,0.4534,0.0855,0.0,0.1864,0.2652,0.5484,UFC Fight Night: Sterling vs. Zalal,2026-04-25,,https://gambly.com/gambly-bot?auto=1&prompt=youssef+zalal+moneyline+and+rafa+garcia+moneyline+and+raoni+barcelos+moneyline+and+ryan+spann+moneyline+and+talita+alencar+moneyline,1.53,7310.0,1,0.0,0.0,0.0,0.0,2026-04-26
Talita Alencar_vs_Julia Polastri,Talita Alencar,Talita Alencar,Julia Polastri,Women's Strawweight,BJJ,Wrestler,False,0.5191,220.0,220.0,0.3846,0.4629,0.0783,2.6,0.312,0.1979,0.4901,UFC Fight Night: Sterling vs. Zalal,2026-04-25,https://gambly.com/gambly-bot?auto=1&prompt=talita+alencar+moneyline,https://gambly.com/gambly-bot?auto=1&prompt=youssef+zalal+moneyline+and+rafa+garcia+moneyline+and+raoni+barcelos+moneyline+and+ryan+spann+moneyline+and+talita+alencar+moneyline,1.53,7310.0,1,5.72,8.32,5.72,3.2,2026-04-26
Julia Polastri_vs_Talita Alencar,Julia Polastri,Julia Polastri,Talita Alencar,Women's Strawweight,Striker,BJJ,False,0.5191,,,0.6154,0.5371,-0.0783,0.0,0.312,0.1979,0.4901,UFC Fight Night: Sterling vs. Zalal,2026-04-25,,https://gambly.com/gambly-bot?auto=1&prompt=youssef+zalal+moneyline+and+rafa+garcia+moneyline+and+raoni+barcelos+moneyline+and+ryan+spann+moneyline+and+talita+alencar+moneyline,1.53,7310.0,0,0.0,0.0,0.0,0.0,2026-04-26
Jack Della Maddalena_vs_Carlos Prates,Jack Della Maddalena,Jack Della Maddalena,Carlos Prates,Welterweight,Striker,BJJ,False,0.5198,108.0,108.0,0.4902,0.5671,0.0769,2.6,0.3127,0.1289,0.5584,UFC Fight Night: Della Maddalena vs. Prates,2026-05-02,https://gambly.com/gambly-bot?auto=1&prompt=jack+della+maddalena+moneyline,https://gambly.com/gambly-bot?auto=1&prompt=jack+della+maddalena+moneyline+and+jacob+malkoun+moneyline+and+themba+gorimbo+moneyline,1.55,545.0,0,0.0,0.0,-2.6,0.0,2026-05-03
Carlos Prates_vs_Jack Della Maddalena,Carlos Prates,Carlos Prates,Jack Della Maddalena,Welterweight,Sniper,BJJ,False,0.5198,,,0.5098,0.4329,-0.0769,0.0,0.3127,0.1289,0.5584,UFC Fight Night: Della Maddalena vs. Prates,2026-05-02,,https://gambly.com/gambly-bot?auto=1&prompt=jack+della+maddalena+moneyline+and+jacob+malkoun+moneyline+and+themba+gorimbo+moneyline,1.55,545.0,1,0.0,0.0,0.0,0.0,2026-05-03
Beneil Dariush_vs_Quillan Salkilld,Beneil Dariush,Beneil Dariush,Quillan Salkilld,Lightweight,BJJ,Wrestler,False,0.5198,,,0.384,0.3762,-0.0079,0.0,0.278,0.2034,0.5187,UFC Fight Night: Della Maddalena vs. Prates,2026-05-02,,https://gambly.com/gambly-bot?auto=1&prompt=jack+della+maddalena+moneyline+and+jacob+malkoun+moneyline+and+themba+gorimbo+moneyline,1.55,545.0,0,0.0,0.0,0.0,0.0,2026-05-03
Quillan Salkilld_vs_Beneil Dariush,Quillan Salkilld,Quillan Salkilld,Beneil Dariush,Lightweight,Mixed,BJJ,False,0.5198,-405.0,-405.0,0.616,0.6238,0.0079,0.0,0.278,0.2034,0.5187,UFC Fight Night: Della Maddalena vs. Prates,2026-05-02,,https://gambly.com/gambly-bot?auto=1&prompt=jack+della+maddalena+moneyline+and+jacob+malkoun+moneyline+and+themba+gorimbo+moneyline,1.55,545.0,1,0.0,0.0,0.0,0.0,2026-05-03
Tim Elliott_vs_Steve Erceg,Tim Elliott,Tim Elliott,Steve Erceg,Flyweight,BJJ,Wrestler,False,0.5198,150.0,150.0,0.4444,0.4746,0.0302,0.0,0.2022,0.1841,0.6137,UFC Fight Night: Della Maddalena vs. Prates,2026-05-02,,https://gambly.com/gambly-bot?auto=1&prompt=jack+della+maddalena+moneyline+and+jacob+malkoun+moneyline+and+themba+gorimbo+moneyline,1.55,545.0,0,0.0,0.0,0.0,0.0,2026-05-03
Steve Erceg_vs_Tim Elliott,Steve Erceg,Steve Erceg,Tim Elliott,Flyweight,Striker,BJJ,False,0.5198,,,0.5556,0.5254,-0.0302,0.0,0.2022,0.1841,0.6137,UFC Fight Night: Della Maddalena vs. Prates,2026-05-02,,https://gambly.com/gambly-bot?auto=1&prompt=jack+della+maddalena+moneyline+and+jacob+malkoun+moneyline+and+themba+gorimbo+moneyline,1.55,545.0,1,0.0,0.0,0.0,0.0,2026-05-03
Shamil Gaziev_vs_Brando Pericic,Shamil Gaziev,Shamil Gaziev,Brando Pericic,Heavyweight,Wrestler,Wrestler,False,0.5198,113.0,113.0,0.4843,0.5094,0.0252,0.0,0.4541,0.1332,0.4127,UFC Fight Night: Della Maddalena vs. Prates,2026-05-02,,https://gambly.com/gambly-bot?auto=1&prompt=jack+della+maddalena+moneyline+and+jacob+malkoun+moneyline+and+themba+gorimbo+moneyline,1.55,545.0,0,0.0,0.0,0.0,0.0,2026-05-03
Brando Pericic_vs_Shamil Gaziev,Brando Pericic,Brando Pericic,Shamil Gaziev,Heavyweight,Mixed,BJJ,False,0.5198,,,0.5157,0.4906,-0.0252,0.0,0.4541,0.1332,0.4127,UFC Fight Night: Della Maddalena vs. Prates,2026-05-02,,https://gambly.com/gambly-bot?auto=1&prompt=jack+della+maddalena+moneyline+and+jacob+malkoun+moneyline+and+themba+gorimbo+moneyline,1.55,545.0,1,0.0,0.0,0.0,0.0,2026-05-03
Tai Tuivasa_vs_Louie Sutherland,Tai Tuivasa,Tai Tuivasa,Louie Sutherland,Heavyweight,Striker,BJJ,False,0.5198,-209.0,-209.0,0.575,0.5746,-0.0003,0.0,0.4351,0.1081,0.4569,UFC Fight Night: Della Maddalena vs. Prates,2026-05-02,,https://gambly.com/gambly-bot?auto=1&prompt=jack+della+maddalena+moneyline+and+jacob+malkoun+moneyline+and+themba+gorimbo+moneyline,1.55,545.0,0,0.0,0.0,0.0,0.0,2026-05-03
Louie Sutherland_vs_Tai Tuivasa,Louie Sutherland,Louie Sutherland,Tai Tuivasa,Heavyweight,Mixed,BJJ,False,0.5198,,,0.425,0.4254,0.0003,0.0,0.4351,0.1081,0.4569,UFC Fight Night: Della Maddalena vs. Prates,2026-05-02,,https://gambly.com/gambly-bot?auto=1&prompt=jack+della+maddalena+moneyline+and+jacob+malkoun+moneyline+and+themba+gorimbo+moneyline,1.55,545.0,1,0.0,0.0,0.0,0.0,2026-05-03
Cam Rowston_vs_Robert Bryczek,Cam Rowston,Cam Rowston,Robert Bryczek,Middleweight,Mixed,BJJ,False,0.5198,,,0.568,0.5672,-0.0008,0.0,0.4071,0.1878,0.4051,UFC Fight Night: Della Maddalena vs. Prates,2026-05-02,,https://gambly.com/gambly-bot?auto=1&prompt=jack+della+maddalena+moneyline+and+jacob+malkoun+moneyline+and+themba+gorimbo+moneyline,1.55,545.0,1,0.0,0.0,0.0,0.0,2026-05-03
Robert Bryczek_vs_Cam Rowston,Robert Bryczek,Robert Bryczek,Cam Rowston,Middleweight,Mixed,BJJ,False,0.5198,163.0,163.0,0.432,0.4328,0.0008,0.0,0.4071,0.1878,0.4051,UFC Fight Night: Della Maddalena vs. Prates,2026-05-02,,https://gambly.com/gambly-bot?auto=1&prompt=jack+della+maddalena+moneyline+and+jacob+malkoun+moneyline+and+themba+gorimbo+moneyline,1.55,545.0,0,0.0,0.0,0.0,0.0,2026-05-03
Jacob Malkoun_vs_Gerald Meerschaert,Jacob Malkoun,Jacob Malkoun,Gerald Meerschaert,Middleweight,Wrestler,BJJ,False,0.5198,-970.0,-970.0,0.6445,0.6868,0.0423,2.5,0.391,0.224,0.3851,UFC Fight Night: Della Maddalena vs. Prates,2026-05-02,https://gambly.com/gambly-bot?auto=1&prompt=jacob+malkoun+moneyline,https://gambly.com/gambly-bot?auto=1&prompt=jack+della+maddalena+moneyline+and+jacob+malkoun+moneyline+and+themba+gorimbo+moneyline,1.55,545.0,1,0.2577,2.7577,0.2577,1.1031,2026-05-03
Gerald Meerschaert_vs_Jacob Malkoun,Gerald Meerschaert,Gerald Meerschaert,Jacob Malkoun,Middleweight,BJJ,Wrestler,False,0.5198,,,0.3555,0.3132,-0.0423,0.0,0.391,0.224,0.3851,UFC Fight Night: Della Maddalena vs. Prates,2026-05-02,,https://gambly.com/gambly-bot?auto=1&prompt=jack+della+maddalena+moneyline+and+jacob+malkoun+moneyline+and+themba+gorimbo+moneyline,1.55,545.0,0,0.0,0.0,0.0,0.0,2026-05-03
Colby Thicknesse_vs_Vince Morales,Colby Thicknesse,Colby Thicknesse,Vince Morales,Bantamweight,Mixed,BJJ,False,0.5198,,,0.5316,0.556,0.0244,0.0,0.2929,0.1487,0.5584,UFC Fight Night: Della Maddalena vs. Prates,2026-05-02,,https://gambly.com/gambly-bot?auto=1&prompt=jack+della+maddalena+moneyline+and+jacob+malkoun+moneyline+and+themba+gorimbo+moneyline,1.55,545.0,1,0.0,0.0,0.0,0.0,2026-05-03
Vince Morales_vs_Colby Thicknesse,Vince Morales,Vince Morales,Colby Thicknesse,Bantamweight,Striker,BJJ,False,0.5198,127.0,127.0,0.4684,0.444,-0.0244,0.0,0.2929,0.1487,0.5584,UFC Fight Night: Della Maddalena vs. Prates,2026-05-02,,https://gambly.com/gambly-bot?auto=1&prompt=jack+della+maddalena+moneyline+and+jacob+malkoun+moneyline+and+themba+gorimbo+moneyline,1.55,545.0,0,0.0,0.0,0.0,0.0,2026-05-03
Jonathan Micallef_vs_Themba Gorimbo,Jonathan Micallef,Jonathan Micallef,Themba Gorimbo,Welterweight,Mixed,BJJ,False,0.5198,,,0.5842,0.4295,-0.1547,0.0,0.3472,0.2343,0.4185,UFC Fight Night: Della Maddalena vs. Prates,2026-05-02,,https://gambly.com/gambly-bot?auto=1&prompt=jack+della+maddalena+moneyline+and+jacob+malkoun+moneyline+and+themba+gorimbo+moneyline,1.55,545.0,1,0.0,0.0,0.0,0.0,2026-05-03
Themba Gorimbo_vs_Jonathan Micallef,Themba Gorimbo,Themba Gorimbo,Jonathan Micallef,Welterweight,BJJ,Wrestler,False,0.5198,181.0,181.0,0.4158,0.5705,0.1547,2.71,0.3472,0.2343,0.4185,UFC Fight Night: Della Maddalena vs. Prates,2026-05-02,https://gambly.com/gambly-bot?auto=1&prompt=themba+gorimbo+moneyline,https://gambly.com/gambly-bot?auto=1&prompt=jack+della+maddalena+moneyline+and+jacob+malkoun+moneyline+and+themba+gorimbo+moneyline,1.55,545.0,0,0.0,0.0,-2.71,0.0,2026-05-03
Khamzat Chimaev_vs_Sean Strickland,Khamzat Chimaev,Khamzat Chimaev,Sean Strickland,Middleweight,BJJ,Wrestler,False,0.521,,,0.7024,0.6073,-0.095,0.0,0.3809,0.1808,0.4383,UFC 328: Chimaev vs. Strickland,2026-05-09,,https://gambly.com/gambly-bot?auto=1&prompt=sean+strickland+moneyline+and+sean+brady+moneyline+and+ozzy+diaz+moneyline+and+roman+kopylov+moneyline+and+djorden+santos+moneyline,1.51,89809.0,0,0.0,0.0,0.0,0.0,2026-05-10
Sean Strickland_vs_Khamzat Chimaev,Sean Strickland,Sean Strickland,Khamzat Chimaev,Middleweight,Striker,BJJ,False,0.521,372.0,372.0,0.2976,0.3927,0.095,2.71,0.3809,0.1808,0.4383,UFC 328: Chimaev vs. Strickland,2026-05-09,https://gambly.com/gambly-bot?auto=1&prompt=sean+strickland+moneyline,https://gambly.com/gambly-bot?auto=1&prompt=sean+strickland+moneyline+and+sean+brady+moneyline+and+ozzy+diaz+moneyline+and+roman+kopylov+moneyline+and+djorden+santos+moneyline,1.51,89809.0,1,10.0812,12.7912,10.0812,4.72,2026-05-10
Joshua Van_vs_Tatsuro Taira,Joshua Van,Joshua Van,Tatsuro Taira,Flyweight,Striker,BJJ,False,0.521,,,0.4545,0.4416,-0.013,0.0,0.2027,0.1898,0.6076,UFC 328: Chimaev vs. Strickland,2026-05-09,,https://gambly.com/gambly-bot?auto=1&prompt=sean+strickland+moneyline+and+sean+brady+moneyline+and+ozzy+diaz+moneyline+and+roman+kopylov+moneyline+and+djorden+santos+moneyline,1.51,89809.0,1,0.0,0.0,0.0,0.0,2026-05-10
Tatsuro Taira_vs_Joshua Van,Tatsuro Taira,Tatsuro Taira,Joshua Van,Flyweight,BJJ,Wrestler,False,0.521,-150.0,-150.0,0.5455,0.5584,0.013,0.0,0.2027,0.1898,0.6076,UFC 328: Chimaev vs. Strickland,2026-05-09,,https://gambly.com/gambly-bot?auto=1&prompt=sean+strickland+moneyline+and+sean+brady+moneyline+and+ozzy+diaz+moneyline+and+roman+kopylov+moneyline+and+djorden+santos+moneyline,1.51,89809.0,0,0.0,0.0,0.0,0.0,2026-05-10
Alexander Volkov_vs_Waldo Cortes Acosta,Alexander Volkov,Alexander Volkov,Waldo Cortes Acosta,Heavyweight,Striker,Striker,False,0.521,,,0.5434,0.5213,-0.0221,0.0,0.4595,0.0835,0.457,UFC 328: Chimaev vs. Strickland,2026-05-09,,https://gambly.com/gambly-bot?auto=1&prompt=sean+strickland+moneyline+and+sean+brady+moneyline+and+ozzy+diaz+moneyline+and+roman+kopylov+moneyline+and+djorden+santos+moneyline,1.51,89809.0,1,0.0,0.0,0.0,0.0,2026-05-10
Waldo Cortes Acosta_vs_Alexander Volkov,Waldo Cortes Acosta,Waldo Cortes Acosta,Alexander Volkov,Heavyweight,Striker,Striker,False,0.521,138.0,138.0,0.4566,0.4787,0.0221,0.0,0.4595,0.0835,0.457,UFC 328: Chimaev vs. Strickland,2026-05-09,,https://gambly.com/gambly-bot?auto=1&prompt=sean+strickland+moneyline+and+sean+brady+moneyline+and+ozzy+diaz+moneyline+and+roman+kopylov+moneyline+and+djorden+santos+moneyline,1.51,89809.0,0,0.0,0.0,0.0,0.0,2026-05-10
Sean Brady_vs_Joaquin Buckley,Sean Brady,Sean Brady,Joaquin Buckley,Welterweight,Striker,Striker,False,0.521,-150.0,-150.0,0.5455,0.597,0.0515,2.5,0.3786,0.099,0.5225,UFC 328: Chimaev vs. Strickland,2026-05-09,https://gambly.com/gambly-bot?auto=1&prompt=sean+brady+moneyline,https://gambly.com/gambly-bot?auto=1&prompt=sean+strickland+moneyline+and+sean+brady+moneyline+and+ozzy+diaz+moneyline+and+roman+kopylov+moneyline+and+djorden+santos+moneyline,1.51,89809.0,1,1.6667,4.1667,1.6667,1.6667,2026-05-10
Joaquin Buckley_vs_Sean Brady,Joaquin Buckley,Joaquin Buckley,Sean Brady,Welterweight,Muay_Thai,Striker,False,0.521,,,0.4545,0.403,-0.0515,0.0,0.3786,0.099,0.5225,UFC 328: Chimaev vs. Strickland,2026-05-09,,https://gambly.com/gambly-bot?auto=1&prompt=sean+strickland+moneyline+and+sean+brady+moneyline+and+ozzy+diaz+moneyline+and+roman+kopylov+moneyline+and+djorden+santos+moneyline,1.51,89809.0,0,0.0,0.0,0.0,0.0,2026-05-10
King Green_vs_Jeremy Stephens,King Green,King Green,Jeremy Stephens,Lightweight,Striker,BJJ,False,0.521,-382.0,-382.0,0.6132,0.5763,-0.0368,0.0,0.359,0.1286,0.5123,UFC 328: Chimaev vs. Strickland,2026-05-09,,https://gambly.com/gambly-bot?auto=1&prompt=sean+strickland+moneyline+and+sean+brady+moneyline+and+ozzy+diaz+moneyline+and+roman+kopylov+moneyline+and+djorden+santos+moneyline,1.51,89809.0,1,0.0,0.0,0.0,0.0,2026-05-10
Jeremy Stephens_vs_King Green,Jeremy Stephens,Jeremy Stephens,King Green,Lightweight,Mixed,BJJ,False,0.521,,,0.3868,0.4237,0.0368,0.0,0.359,0.1286,0.5123,UFC 328: Chimaev vs. Strickland,2026-05-09,,https://gambly.com/gambly-bot?auto=1&prompt=sean+strickland+moneyline+and+sean+brady+moneyline+and+ozzy+diaz+moneyline+and+roman+kopylov+moneyline+and+djorden+santos+moneyline,1.51,89809.0,0,0.0,0.0,0.0,0.0,2026-05-10
Ateba Gautier_vs_Ozzy Diaz,Ateba Gautier,Ateba Gautier,Ozzy Diaz,Middleweight,Sniper,BJJ,False,0.521,,,0.7965,0.6387,-0.1578,0.0,0.4067,0.1651,0.4282,UFC 328: Chimaev vs. Strickland,2026-05-09,,https://gambly.com/gambly-bot?auto=1&prompt=sean+strickland+moneyline+and+sean+brady+moneyline+and+ozzy+diaz+moneyline+and+roman+kopylov+moneyline+and+djorden+santos+moneyline,1.51,89809.0,1,0.0,0.0,0.0,0.0,2026-05-10
Ozzy Diaz_vs_Ateba Gautier,Ozzy Diaz,Ozzy Diaz,Ateba Gautier,Middleweight,Mixed,Striker,False,0.521,683.0,683.0,0.2035,0.3613,0.1578,2.82,0.4067,0.1651,0.4282,UFC 328: Chimaev vs. Strickland,2026-05-09,https://gambly.com/gambly-bot?auto=1&prompt=ozzy+diaz+moneyline,https://gambly.com/gambly-bot?auto=1&prompt=sean+strickland+moneyline+and+sean+brady+moneyline+and+ozzy+diaz+moneyline+and+roman+kopylov+moneyline+and+djorden+santos+moneyline,1.51,89809.0,0,0.0,0.0,-2.82,0.0,2026-05-10
Grant Dawson_vs_Mateusz Rebecki,Grant Dawson,Grant Dawson,Mateusz Rebecki,Lightweight,Wrestler,BJJ,False,0.521,,,0.5614,0.6361,0.0747,0.0,0.2771,0.1902,0.5327,UFC 328: Chimaev vs. Strickland,2026-05-09,,https://gambly.com/gambly-bot?auto=1&prompt=sean+strickland+moneyline+and+sean+brady+moneyline+and+ozzy+diaz+moneyline+and+roman+kopylov+moneyline+and+djorden+santos+moneyline,1.51,89809.0,1,0.0,0.0,0.0,0.0,2026-05-10
Mateusz Rebecki_vs_Grant Dawson,Mateusz Rebecki,Mateusz Rebecki,Grant Dawson,Lightweight,BJJ,Wrestler,False,0.521,156.0,156.0,0.4386,0.3639,-0.0747,0.0,0.2771,0.1902,0.5327,UFC 328: Chimaev vs. Strickland,2026-05-09,,https://gambly.com/gambly-bot?auto=1&prompt=sean+strickland+moneyline+and+sean+brady+moneyline+and+ozzy+diaz+moneyline+and+roman+kopylov+moneyline+and+djorden+santos+moneyline,1.51,89809.0,0,0.0,0.0,0.0,0.0,2026-05-10
Jim Miller_vs_Jared Gordon,Jim Miller,Jim Miller,Jared Gordon,Lightweight,BJJ,Wrestler,False,0.521,239.0,239.0,0.3711,0.3888,0.0178,0.0,0.3173,0.1774,0.5053,UFC 328: Chimaev vs. Strickland,2026-05-09,,https://gambly.com/gambly-bot?auto=1&prompt=sean+strickland+moneyline+and+sean+brady+moneyline+and+ozzy+diaz+moneyline+and+roman+kopylov+moneyline+and+djorden+santos+moneyline,1.51,89809.0,1,0.0,0.0,0.0,0.0,2026-05-10
Jared Gordon_vs_Jim Miller,Jared Gordon,Jared Gordon,Jim Miller,Lightweight,Striker,BJJ,False,0.521,,,0.6289,0.6112,-0.0178,0.0,0.3173,0.1774,0.5053,UFC 328: Chimaev vs. Strickland,2026-05-09,,https://gambly.com/gambly-bot?auto=1&prompt=sean+strickland+moneyline+and+sean+brady+moneyline+and+ozzy+diaz+moneyline+and+roman+kopylov+moneyline+and+djorden+santos+moneyline,1.51,89809.0,0,0.0,0.0,0.0,0.0,2026-05-10
Roman Kopylov_vs_Marco Tulio,Roman Kopylov,Roman Kopylov,Marco Tulio,Middleweight,Striker,BJJ,False,0.521,163.0,163.0,0.432,0.5373,0.1054,2.61,0.4282,0.1303,0.4416,UFC 328: Chimaev vs. Strickland,2026-05-09,https://gambly.com/gambly-bot?auto=1&prompt=roman+kopylov+moneyline,https://gambly.com/gambly-bot?auto=1&prompt=sean+strickland+moneyline+and+sean+brady+moneyline+and+ozzy+diaz+moneyline+and+roman+kopylov+moneyline+and+djorden+santos+moneyline,1.51,89809.0,1,4.2543,6.8643,4.2543,2.63,2026-05-10
Marco Tulio_vs_Roman Kopylov,Marco Tulio,Marco Tulio,Roman Kopylov,Middleweight,Mixed,BJJ,False,0.521,,,0.568,0.4627,-0.1054,0.0,0.4282,0.1303,0.4416,UFC 328: Chimaev vs. Strickland,2026-05-09,,https://gambly.com/gambly-bot?auto=1&prompt=sean+strickland+moneyline+and+sean+brady+moneyline+and+ozzy+diaz+moneyline+and+roman+kopylov+moneyline+and+djorden+santos+moneyline,1.51,89809.0,0,0.0,0.0,0.0,0.0,2026-05-10
Pat Sabatini_vs_William Gomis,Pat Sabatini,Pat Sabatini,William Gomis,Featherweight,BJJ,Striker,False,0.521,,,0.5842,0.5563,-0.0279,0.0,0.3051,0.1593,0.5356,UFC 328: Chimaev vs. Strickland,2026-05-09,,https://gambly.com/gambly-bot?auto=1&prompt=sean+strickland+moneyline+and+sean+brady+moneyline+and+ozzy+diaz+moneyline+and+roman+kopylov+moneyline+and+djorden+santos+moneyline,1.51,89809.0,1,0.0,0.0,0.0,0.0,2026-05-10
William Gomis_vs_Pat Sabatini,William Gomis,William Gomis,Pat Sabatini,Featherweight,Muay_Thai,BJJ,False,0.521,181.0,181.0,0.4158,0.4437,0.0279,0.0,0.3051,0.1593,0.5356,UFC 328: Chimaev vs. Strickland,2026-05-09,,https://gambly.com/gambly-bot?auto=1&prompt=sean+strickland+moneyline+and+sean+brady+moneyline+and+ozzy+diaz+moneyline+and+roman+kopylov+moneyline+and+djorden+santos+moneyline,1.51,89809.0,0,0.0,0.0,0.0,0.0,2026-05-10
Baisangur Susurkaev_vs_Djorden Santos,Baisangur Susurkaev,Baisangur Susurkaev,Djorden Santos,Middleweight,Mixed,BJJ,False,0.521,,,0.7351,0.6744,-0.0607,0.0,0.4073,0.1841,0.4085,UFC 328: Chimaev vs. Strickland,2026-05-09,,https://gambly.com/gambly-bot?auto=1&prompt=sean+strickland+moneyline+and+sean+brady+moneyline+and+ozzy+diaz+moneyline+and+roman+kopylov+moneyline+and+djorden+santos+moneyline,1.51,89809.0,1,0.0,0.0,0.0,0.0,2026-05-10
Djorden Santos_vs_Baisangur Susurkaev,Djorden Santos,Djorden Santos,Baisangur Susurkaev,Middleweight,Mixed,BJJ,False,0.521,455.0,455.0,0.2649,0.3256,0.0607,2.77,0.4073,0.1841,0.4085,UFC 328: Chimaev vs. Strickland,2026-05-09,https://gambly.com/gambly-bot?auto=1&prompt=djorden+santos+moneyline,https://gambly.com/gambly-bot?auto=1&prompt=sean+strickland+moneyline+and+sean+brady+moneyline+and+ozzy+diaz+moneyline+and+roman+kopylov+moneyline+and+djorden+santos+moneyline,1.51,89809.0,0,0.0,0.0,-2.77,0.0,2026-05-10
Clayton Carpenter_vs_Jose Ochoa,Clayton Carpenter,Clayton Carpenter,Jose Ochoa,Flyweight,Mixed,BJJ,False,0.521,,,0.4465,0.5294,0.0828,0.0,0.234,0.2136,0.5524,UFC 328: Chimaev vs. Strickland,2026-05-09,,https://gambly.com/gambly-bot?auto=1&prompt=sean+strickland+moneyline+and+sean+brady+moneyline+and+ozzy+diaz+moneyline+and+roman+kopylov+moneyline+and+djorden+santos+moneyline,1.51,89809.0,0,0.0,0.0,0.0,0.0,2026-05-10
Jose Ochoa_vs_Clayton Carpenter,Jose Ochoa,Jose Ochoa,Clayton Carpenter,Flyweight,Mixed,BJJ,False,0.521,-163.0,-163.0,0.5535,0.4706,-0.0828,0.0,0.234,0.2136,0.5524,UFC 328: Chimaev vs. Strickland,2026-05-09,,https://gambly.com/gambly-bot?auto=1&prompt=sean+strickland+moneyline+and+sean+brady+moneyline+and+ozzy+diaz+moneyline+and+roman+kopylov+moneyline+and+djorden+santos+moneyline,1.51,89809.0,1,0.0,0.0,0.0,0.0,2026-05-10
Arnold Allen_vs_Melquizael Costa,Arnold Allen,Arnold Allen,Melquizael Costa,Featherweight,Muay_Thai,BJJ,False,0.5214,,,0.5098,0.4344,-0.0754,0.0,0.2954,0.1667,0.5379,UFC Fight Night: Allen vs. Costa,2026-05-16,,https://gambly.com/gambly-bot?auto=1&prompt=melquizael+costa+moneyline+and+nikolay+veretennikov+moneyline+and+tuco+tokkos+moneyline+and+ketlen+vieira+moneyline+and+cody+brundage+moneyline+and+polyana+viana+moneyline+and+shauna+bannon+moneyline,1.51,73009.0,1,0.0,0.0,0.0,0.0,2026-05-17
Melquizael Costa_vs_Arnold Allen,Melquizael Costa,Melquizael Costa,Arnold Allen,Featherweight,BJJ,Striker,False,0.5214,108.0,108.0,0.4902,0.5656,0.0754,2.59,0.2954,0.1667,0.5379,UFC Fight Night: Allen vs. Costa,2026-05-16,https://gambly.com/gambly-bot?auto=1&prompt=melquizael+costa+moneyline,https://gambly.com/gambly-bot?auto=1&prompt=melquizael+costa+moneyline+and+nikolay+veretennikov+moneyline+and+tuco+tokkos+moneyline+and+ketlen+vieira+moneyline+and+cody+brundage+moneyline+and+polyana+viana+moneyline+and+shauna+bannon+moneyline,1.51,73009.0,0,0.0,0.0,-2.59,0.0,2026-05-17
Dooho Choi_vs_Daniel Santos,Dooho Choi,Dooho Choi,Daniel Santos,Featherweight,Mixed,Wrestler,False,0.5214,144.0,144.0,0.4505,0.4466,-0.0038,0.0,0.3182,0.1538,0.528,UFC Fight Night: Allen vs. Costa,2026-05-16,,https://gambly.com/gambly-bot?auto=1&prompt=melquizael+costa+moneyline+and+nikolay+veretennikov+moneyline+and+tuco+tokkos+moneyline+and+ketlen+vieira+moneyline+and+cody+brundage+moneyline+and+polyana+viana+moneyline+and+shauna+bannon+moneyline,1.51,73009.0,1,0.0,0.0,0.0,0.0,2026-05-17
Daniel Santos_vs_Dooho Choi,Daniel Santos,Daniel Santos,Dooho Choi,Featherweight,Muay_Thai,BJJ,False,0.5214,,,0.5495,0.5534,0.0038,0.0,0.3182,0.1538,0.528,UFC Fight Night: Allen vs. Costa,2026-05-16,,https://gambly.com/gambly-bot?auto=1&prompt=melquizael+costa+moneyline+and+nikolay+veretennikov+moneyline+and+tuco+tokkos+moneyline+and+ketlen+vieira+moneyline+and+cody+brundage+moneyline+and+polyana+viana+moneyline+and+shauna+bannon+moneyline,1.51,73009.0,0,0.0,0.0,0.0,0.0,2026-05-17
Timmy Cuamba_vs_Benardo Sopaj,Timmy Cuamba,Timmy Cuamba,Benardo Sopaj,Bantamweight,Mixed,BJJ,False,0.5214,133.0,133.0,0.4619,0.4992,0.0373,0.0,0.2701,0.1927,0.5372,UFC Fight Night: Allen vs. Costa,2026-05-16,,https://gambly.com/gambly-bot?auto=1&prompt=melquizael+costa+moneyline+and+nikolay+veretennikov+moneyline+and+tuco+tokkos+moneyline+and+ketlen+vieira+moneyline+and+cody+brundage+moneyline+and+polyana+viana+moneyline+and+shauna+bannon+moneyline,1.51,73009.0,0,0.0,0.0,0.0,0.0,2026-05-17
Benardo Sopaj_vs_Timmy Cuamba,Benardo Sopaj,Benardo Sopaj,Timmy Cuamba,Bantamweight,Mixed,BJJ,False,0.5214,,,0.5381,0.5008,-0.0373,0.0,0.2701,0.1927,0.5372,UFC Fight Night: Allen vs. Costa,2026-05-16,,https://gambly.com/gambly-bot?auto=1&prompt=melquizael+costa+moneyline+and+nikolay+veretennikov+moneyline+and+tuco+tokkos+moneyline+and+ketlen+vieira+moneyline+and+cody+brundage+moneyline+and+polyana+viana+moneyline+and+shauna+bannon+moneyline,1.51,73009.0,1,0.0,0.0,0.0,0.0,2026-05-17
Nikolay Veretennikov_vs_Khaos Williams,Nikolay Veretennikov,Nikolay Veretennikov,Khaos Williams,Welterweight,Wrestler,Striker,False,0.5214,104.0,104.0,0.495,0.5868,0.0917,2.64,0.3661,0.1237,0.5101,UFC Fight Night: Allen vs. Costa,2026-05-16,https://gambly.com/gambly-bot?auto=1&prompt=nikolay+veretennikov+moneyline,https://gambly.com/gambly-bot?auto=1&prompt=melquizael+costa+moneyline+and+nikolay+veretennikov+moneyline+and+tuco+tokkos+moneyline+and+ketlen+vieira+moneyline+and+cody+brundage+moneyline+and+polyana+viana+moneyline+and+shauna+bannon+moneyline,1.51,73009.0,0,0.0,0.0,-2.64,0.0,2026-05-17
Khaos Williams_vs_Nikolay Veretennikov,Khaos Williams,Khaos Williams,Nikolay Veretennikov,Welterweight,Striker,BJJ,False,0.5214,,,0.505,0.4132,-0.0917,0.0,0.3661,0.1237,0.5101,UFC Fight Night: Allen vs. Costa,2026-05-16,,https://gambly.com/gambly-bot?auto=1&prompt=melquizael+costa+moneyline+and+nikolay+veretennikov+moneyline+and+tuco+tokkos+moneyline+and+ketlen+vieira+moneyline+and+cody+brundage+moneyline+and+polyana+viana+moneyline+and+shauna+bannon+moneyline,1.51,73009.0,1,0.0,0.0,0.0,0.0,2026-05-17
Tuco Tokkos_vs_Ivan Erslan,Tuco Tokkos,Tuco Tokkos,Ivan Erslan,Light Heavyweight,Mixed,BJJ,False,0.5214,150.0,150.0,0.4444,0.5192,0.0747,2.59,0.4742,0.1824,0.3435,UFC Fight Night: Allen vs. Costa,2026-05-16,https://gambly.com/gambly-bot?auto=1&prompt=tuco+tokkos+moneyline,https://gambly.com/gambly-bot?auto=1&prompt=melquizael+costa+moneyline+and+nikolay+veretennikov+moneyline+and+tuco+tokkos+moneyline+and+ketlen+vieira+moneyline+and+cody+brundage+moneyline+and+polyana+viana+moneyline+and+shauna+bannon+moneyline,1.51,73009.0,0,0.0,0.0,-2.59,0.0,2026-05-17
Ivan Erslan_vs_Tuco Tokkos,Ivan Erslan,Ivan Erslan,Tuco Tokkos,Light Heavyweight,Mixed,BJJ,False,0.5214,,,0.5556,0.4808,-0.0747,0.0,0.4742,0.1824,0.3435,UFC Fight Night: Allen vs. Costa,2026-05-16,,https://gambly.com/gambly-bot?auto=1&prompt=melquizael+costa+moneyline+and+nikolay+veretennikov+moneyline+and+tuco+tokkos+moneyline+and+ketlen+vieira+moneyline+and+cody+brundage+moneyline+and+polyana+viana+moneyline+and+shauna+bannon+moneyline,1.51,73009.0,1,0.0,0.0,0.0,0.0,2026-05-17
Ketlen Vieira_vs_Jacqueline Cavalcanti,Ketlen Vieira,Ketlen Vieira,Jacqueline Cavalcanti,Women's Bantamweight,BJJ,Wrestler,False,0.5214,150.0,150.0,0.4444,0.4957,0.0513,2.57,0.3119,0.1693,0.5188,UFC Fight Night: Allen vs. Costa,2026-05-16,https://gambly.com/gambly-bot?auto=1&prompt=ketlen+vieira+moneyline,https://gambly.com/gambly-bot?auto=1&prompt=melquizael+costa+moneyline+and+nikolay+veretennikov+moneyline+and+tuco+tokkos+moneyline+and+ketlen+vieira+moneyline+and+cody+brundage+moneyline+and+polyana+viana+moneyline+and+shauna+bannon+moneyline,1.51,73009.0,1,3.855,6.425,3.855,2.5,2026-05-17
Jacqueline Cavalcanti_vs_Ketlen Vieira,Jacqueline Cavalcanti,Jacqueline Cavalcanti,Ketlen Vieira,Women's Bantamweight,Striker,BJJ,False,0.5214,,,0.5556,0.5043,-0.0513,0.0,0.3119,0.1693,0.5188,UFC Fight Night: Allen vs. Costa,2026-05-16,,https://gambly.com/gambly-bot?auto=1&prompt=melquizael+costa+moneyline+and+nikolay+veretennikov+moneyline+and+tuco+tokkos+moneyline+and+ketlen+vieira+moneyline+and+cody+brundage+moneyline+and+polyana+viana+moneyline+and+shauna+bannon+moneyline,1.51,73009.0,0,0.0,0.0,0.0,0.0,2026-05-17
Cody Brundage_vs_Andre Petroski,Cody Brundage,Cody Brundage,Andre Petroski,Middleweight,BJJ,Wrestler,False,0.5214,170.0,170.0,0.4255,0.4998,0.0743,2.59,0.3233,0.273,0.4036,UFC Fight Night: Allen vs. Costa,2026-05-16,https://gambly.com/gambly-bot?auto=1&prompt=cody+brundage+moneyline,https://gambly.com/gambly-bot?auto=1&prompt=melquizael+costa+moneyline+and+nikolay+veretennikov+moneyline+and+tuco+tokkos+moneyline+and+ketlen+vieira+moneyline+and+cody+brundage+moneyline+and+polyana+viana+moneyline+and+shauna+bannon+moneyline,1.51,73009.0,1,4.403,6.993,4.403,2.7,2026-05-17
Andre Petroski_vs_Cody Brundage,Andre Petroski,Andre Petroski,Cody Brundage,Middleweight,BJJ,Wrestler,False,0.5214,,,0.5745,0.5002,-0.0743,0.0,0.3233,0.273,0.4036,UFC Fight Night: Allen vs. Costa,2026-05-16,,https://gambly.com/gambly-bot?auto=1&prompt=melquizael+costa+moneyline+and+nikolay+veretennikov+moneyline+and+tuco+tokkos+moneyline+and+ketlen+vieira+moneyline+and+cody+brundage+moneyline+and+polyana+viana+moneyline+and+shauna+bannon+moneyline,1.51,73009.0,0,0.0,0.0,0.0,0.0,2026-05-17
Alice Ardelean_vs_Polyana Viana,Alice Ardelean,Alice Ardelean,Polyana Viana,Women's Strawweight,Striker,BJJ,False,0.5214,,,0.5885,0.5343,-0.0542,0.0,0.349,0.1347,0.5163,UFC Fight Night: Allen vs. Costa,2026-05-16,,https://gambly.com/gambly-bot?auto=1&prompt=melquizael+costa+moneyline+and+nikolay+veretennikov+moneyline+and+tuco+tokkos+moneyline+and+ketlen+vieira+moneyline+and+cody+brundage+moneyline+and+polyana+viana+moneyline+and+shauna+bannon+moneyline,1.51,73009.0,1,0.0,0.0,0.0,0.0,2026-05-17
Polyana Viana_vs_Alice Ardelean,Polyana Viana,Polyana Viana,Alice Ardelean,Women's Strawweight,Mixed,BJJ,False,0.5214,186.0,186.0,0.4115,0.4657,0.0542,2.58,0.349,0.1347,0.5163,UFC Fight Night: Allen vs. Costa,2026-05-16,https://gambly.com/gambly-bot?auto=1&prompt=polyana+viana+moneyline,https://gambly.com/gambly-bot?auto=1&prompt=melquizael+costa+moneyline+and+nikolay+veretennikov+moneyline+and+tuco+tokkos+moneyline+and+ketlen+vieira+moneyline+and+cody+brundage+moneyline+and+polyana+viana+moneyline+and+shauna+bannon+moneyline,1.51,73009.0,0,0.0,0.0,-2.58,0.0,2026-05-17
Daniel Barez_vs_Luis Gurule,Daniel Barez,Daniel Barez,Luis Gurule,Flyweight,Mixed,BJJ,False,0.5214,,,0.4545,0.465,0.0105,0.0,0.2336,0.2151,0.5513,UFC Fight Night: Allen vs. Costa,2026-05-16,,https://gambly.com/gambly-bot?auto=1&prompt=melquizael+costa+moneyline+and+nikolay+veretennikov+moneyline+and+tuco+tokkos+moneyline+and+ketlen+vieira+moneyline+and+cody+brundage+moneyline+and+polyana+viana+moneyline+and+shauna+bannon+moneyline,1.51,73009.0,0,0.0,0.0,0.0,0.0,2026-05-17
Luis Gurule_vs_Daniel Barez,Luis Gurule,Luis Gurule,Daniel Barez,Flyweight,Mixed,BJJ,False,0.5214,-150.0,-150.0,0.5455,0.535,-0.0105,0.0,0.2336,0.2151,0.5513,UFC Fight Night: Allen vs. Costa,2026-05-16,,https://gambly.com/gambly-bot?auto=1&prompt=melquizael+costa+moneyline+and+nikolay+veretennikov+moneyline+and+tuco+tokkos+moneyline+and+ketlen+vieira+moneyline+and+cody+brundage+moneyline+and+polyana+viana+moneyline+and+shauna+bannon+moneyline,1.51,73009.0,1,0.0,0.0,0.0,0.0,2026-05-17
Shauna Bannon_vs_Nicolle Caliari,Shauna Bannon,Shauna Bannon,Nicolle Caliari,Women's Strawweight,Mixed,BJJ,False,0.5214,257.0,257.0,0.3591,0.4082,0.0491,2.64,0.3414,0.181,0.4776,UFC Fight Night: Allen vs. Costa,2026-05-16,https://gambly.com/gambly-bot?auto=1&prompt=shauna+bannon+moneyline,https://gambly.com/gambly-bot?auto=1&prompt=melquizael+costa+moneyline+and+nikolay+veretennikov+moneyline+and+tuco+tokkos+moneyline+and+ketlen+vieira+moneyline+and+cody+brundage+moneyline+and+polyana+viana+moneyline+and+shauna+bannon+moneyline,1.51,73009.0,0,0.0,0.0,-2.64,0.0,2026-05-17
Nicolle Caliari_vs_Shauna Bannon,Nicolle Caliari,Nicolle Caliari,Shauna Bannon,Women's Strawweight,Mixed,BJJ,False,0.5214,,,0.6409,0.5918,-0.0491,0.0,0.3414,0.181,0.4776,UFC Fight Night: Allen vs. Costa,2026-05-16,,https://gambly.com/gambly-bot?auto=1&prompt=melquizael+costa+moneyline+and+nikolay+veretennikov+moneyline+and+tuco+tokkos+moneyline+and+ketlen+vieira+moneyline+and+cody+brundage+moneyline+and+polyana+viana+moneyline+and+shauna+bannon+moneyline,1.51,73009.0,1,0.0,0.0,0.0,0.0,2026-05-17
Song Yadong_vs_Deiveson Figueiredo,Song Yadong,Song Yadong,Deiveson Figueiredo,Bantamweight,Striker,BJJ,False,0.5186,-491.0,-491.0,0.64,0.7503,0.1103,2.5,0.2417,0.1878,0.5704,UFC Fight Night: Song vs. Figueiredo,2026-05-30,https://gambly.com/gambly-bot?auto=1&prompt=song+yadong+moneyline,https://gambly.com/gambly-bot?auto=1&prompt=song+yadong+moneyline+and+tallison+teixeira+moneyline,1.56,531.0,1,0.5092,3.0092,0.5092,1.2037,2026-06-02
Deiveson Figueiredo_vs_Song Yadong,Deiveson Figueiredo,Deiveson Figueiredo,Song Yadong,Bantamweight,BJJ,Wrestler,False,0.5186,114.0,114.0,0.36,0.2497,-0.1103,0.0,0.2417,0.1878,0.5704,UFC Fight Night: Song vs. Figueiredo,2026-05-30,,https://gambly.com/gambly-bot?auto=1&prompt=song+yadong+moneyline+and+tallison+teixeira+moneyline,1.56,531.0,0,0.0,0.0,0.0,0.0,2026-06-02
Zhang Mingyang_vs_Alonzo Menifield,Zhang Mingyang,Zhang Mingyang,Alonzo Menifield,Light Heavyweight,Striker,BJJ,False,0.5186,-233.0,-233.0,0.5832,0.5189,-0.0643,0.0,0.4525,0.126,0.4215,UFC Fight Night: Song vs. Figueiredo,2026-05-30,,https://gambly.com/gambly-bot?auto=1&prompt=song+yadong+moneyline+and+tallison+teixeira+moneyline,1.56,531.0,0,0.0,0.0,0.0,0.0,2026-06-02
Alonzo Menifield_vs_Zhang Mingyang,Alonzo Menifield,Alonzo Menifield,Zhang Mingyang,Light Heavyweight,Wrestler,Striker,False,0.5186,,,0.4168,0.4811,0.0643,0.0,0.4525,0.126,0.4215,UFC Fight Night: Song vs. Figueiredo,2026-05-30,,https://gambly.com/gambly-bot?auto=1&prompt=song+yadong+moneyline+and+tallison+teixeira+moneyline,1.56,531.0,1,0.0,0.0,0.0,0.0,2026-06-02
Sergei Pavlovich_vs_Tallison Teixeira,Sergei Pavlovich,Sergei Pavlovich,Tallison Teixeira,Heavyweight,Striker,BJJ,False,0.5186,,,0.7238,0.4849,-0.2389,0.0,0.4566,0.1048,0.4386,UFC Fight Night: Song vs. Figueiredo,2026-05-30,,https://gambly.com/gambly-bot?auto=1&prompt=song+yadong+moneyline+and+tallison+teixeira+moneyline,1.56,531.0,1,0.0,0.0,0.0,0.0,2026-06-02
Tallison Teixeira_vs_Sergei Pavlovich,Tallison Teixeira,Tallison Teixeira,Sergei Pavlovich,Heavyweight,Mixed,BJJ,False,0.5186,424.0,424.0,0.2762,0.5151,0.2389,2.68,0.4566,0.1048,0.4386,UFC Fight Night: Song vs. Figueiredo,2026-05-30,https://gambly.com/gambly-bot?auto=1&prompt=tallison+teixeira+moneyline,https://gambly.com/gambly-bot?auto=1&prompt=song+yadong+moneyline+and+tallison+teixeira+moneyline,1.56,531.0,0,0.0,0.0,-2.68,0.0,2026-06-02
Kai Asakura_vs_Cameron Smotherman,Kai Asakura,Kai Asakura,Cameron Smotherman,Bantamweight,Mixed,BJJ,False,0.5186,-257.0,-257.0,0.5901,0.572,-0.0181,0.0,0.2703,0.1953,0.5345,UFC Fight Night: Song vs. Figueiredo,2026-05-30,,https://gambly.com/gambly-bot?auto=1&prompt=song+yadong+moneyline+and+tallison+teixeira+moneyline,1.56,531.0,1,0.0,0.0,0.0,0.0,2026-06-02
Cameron Smotherman_vs_Kai Asakura,Cameron Smotherman,Cameron Smotherman,Kai Asakura,Bantamweight,Mixed,BJJ,False,0.5186,,,0.4099,0.428,0.0181,0.0,0.2703,0.1953,0.5345,UFC Fight Night: Song vs. Figueiredo,2026-05-30,,https://gambly.com/gambly-bot?auto=1&prompt=song+yadong+moneyline+and+tallison+teixeira+moneyline,1.56,531.0,0,0.0,0.0,0.0,0.0,2026-06-02
Jake Matthews_vs_Carlston Harris,Jake Matthews,Jake Matthews,Carlston Harris,Welterweight,BJJ,Wrestler,False,0.5186,-376.0,-376.0,0.7804,0.7965,0.0161,0.0,0.3173,0.1665,0.5162,UFC Fight Night: Song vs. Figueiredo,2026-05-30,,https://gambly.com/gambly-bot?auto=1&prompt=song+yadong+moneyline+and+tallison+teixeira+moneyline,1.56,531.0,1,0.0,0.0,0.0,0.0,2026-06-02
Carlston Harris_vs_Jake Matthews,Carlston Harris,Carlston Harris,Jake Matthews,Welterweight,Striker,BJJ,False,0.5186,350.0,350.0,0.2196,0.2035,-0.0161,0.0,0.3173,0.1665,0.5162,UFC Fight Night: Song vs. Figueiredo,2026-05-30,,https://gambly.com/gambly-bot?auto=1&prompt=song+yadong+moneyline+and+tallison+teixeira+moneyline,1.56,531.0,0,0.0,0.0,0.0,0.0,2026-06-02
Alex Perez_vs_Sumudaerji,Alex Perez,Alex Perez,Sumudaerji,Flyweight,BJJ,Wrestler,False,0.5186,,,0.5261,0.503,-0.0231,0.0,0.2104,0.2104,0.5792,UFC Fight Night: Song vs. Figueiredo,2026-05-30,,https://gambly.com/gambly-bot?auto=1&prompt=song+yadong+moneyline+and+tallison+teixeira+moneyline,1.56,531.0,0,0.0,0.0,0.0,0.0,2026-06-02
Sumudaerji_vs_Alex Perez,Sumudaerji,Sumudaerji,Alex Perez,Flyweight,Sniper,BJJ,False,0.5186,122.0,122.0,0.4739,0.497,0.0231,0.0,0.2104,0.2104,0.5792,UFC Fight Night: Song vs. Figueiredo,2026-05-30,,https://gambly.com/gambly-bot?auto=1&prompt=song+yadong+moneyline+and+tallison+teixeira+moneyline,1.56,531.0,0,0.0,0.0,0.0,0.0,2026-06-02
Rei Tsuruya_vs_Luis Gurule,Rei Tsuruya,Rei Tsuruya,Luis Gurule,Bantamweight,Mixed,BJJ,False,0.5186,-285.0,-285.0,0.5969,0.6159,0.019,0.0,0.2741,0.1584,0.5675,UFC Fight Night: Song vs. Figueiredo,2026-05-30,,https://gambly.com/gambly-bot?auto=1&prompt=song+yadong+moneyline+and+tallison+teixeira+moneyline,1.56,531.0,1,0.0,0.0,0.0,0.0,2026-06-02
Luis Gurule_vs_Rei Tsuruya,Luis Gurule,Luis Gurule,Rei Tsuruya,Bantamweight,Striker,BJJ,False,0.5186,,,0.4031,0.3841,-0.019,0.0,0.2741,0.1584,0.5675,UFC Fight Night: Song vs. Figueiredo,2026-05-30,,https://gambly.com/gambly-bot?auto=1&prompt=song+yadong+moneyline+and+tallison+teixeira+moneyline,1.56,531.0,0,0.0,0.0,0.0,0.0,2026-06-02
Loma Lookboonmee_vs_Jaqueline Amorim,Loma Lookboonmee,Loma Lookboonmee,Jaqueline Amorim,Women's Strawweight,Muay_Thai,BJJ,False,0.5186,117.0,117.0,0.4796,0.3806,-0.099,0.0,0.3473,0.175,0.4777,UFC Fight Night: Song vs. Figueiredo,2026-05-30,,https://gambly.com/gambly-bot?auto=1&prompt=song+yadong+moneyline+and+tallison+teixeira+moneyline,1.56,531.0,0,0.0,0.0,0.0,0.0,2026-06-02
Jaqueline Amorim_vs_Loma Lookboonmee,Jaqueline Amorim,Jaqueline Amorim,Loma Lookboonmee,Women's Strawweight,BJJ,Striker,False,0.5186,,,0.5204,0.6194,0.099,0.0,0.3473,0.175,0.4777,UFC Fight Night: Song vs. Figueiredo,2026-05-30,,https://gambly.com/gambly-bot?auto=1&prompt=song+yadong+moneyline+and+tallison+teixeira+moneyline,1.56,531.0,1,0.0,0.0,0.0,0.0,2026-06-02
Belal Muhammad_vs_Gabriel Bonfim,Belal Muhammad,Belal Muhammad,Gabriel Bonfim,Welterweight,Wrestler,BJJ,False,0.5186,-1408.0,-1408.0,0.6557,0.8578,0.2021,2.5,0.3178,0.231,0.4512,UFC Fight Night: Muhammad vs. Bonfim,2026-06-06,https://gambly.com/gambly-bot?auto=1&prompt=belal+muhammad+moneyline,https://gambly.com/gambly-bot?auto=1&prompt=belal+muhammad+moneyline+and+edmen+shahbazyan+moneyline+and+tom+nolan+moneyline+and+santiago+luna+moneyline+and+junior+tafa+moneyline+and+matt+schnell+moneyline+and+edgar+chairez+moneyline+and+chelsea+chandler+moneyline+and+jordan+leavitt+moneyline,1.5,1202423.0,0,0.0,0.0,-2.5,0.0,2026-06-07
Gabriel Bonfim_vs_Belal Muhammad,Gabriel Bonfim,Gabriel Bonfim,Belal Muhammad,Welterweight,BJJ,Wrestler,False,0.5186,104.0,104.0,0.3443,0.1422,-0.2021,0.0,0.3178,0.231,0.4512,UFC Fight Night: Muhammad vs. Bonfim,2026-06-06,,https://gambly.com/gambly-bot?auto=1&prompt=belal+muhammad+moneyline+and+edmen+shahbazyan+moneyline+and+tom+nolan+moneyline+and+santiago+luna+moneyline+and+junior+tafa+moneyline+and+matt+schnell+moneyline+and+edgar+chairez+moneyline+and+chelsea+chandler+moneyline+and+jordan+leavitt+moneyline,1.5,1202423.0,1,0.0,0.0,0.0,0.0,2026-06-07
Brendan Allen_vs_Edmen Shahbazyan,Brendan Allen,Brendan Allen,Edmen Shahbazyan,Middleweight,BJJ,Wrestler,False,0.5186,,,0.5745,0.5121,-0.0623,0.0,0.3235,0.2705,0.406,UFC Fight Night: Muhammad vs. Bonfim,2026-06-06,,https://gambly.com/gambly-bot?auto=1&prompt=belal+muhammad+moneyline+and+edmen+shahbazyan+moneyline+and+tom+nolan+moneyline+and+santiago+luna+moneyline+and+junior+tafa+moneyline+and+matt+schnell+moneyline+and+edgar+chairez+moneyline+and+chelsea+chandler+moneyline+and+jordan+leavitt+moneyline,1.5,1202423.0,1,0.0,0.0,0.0,0.0,2026-06-07
Edmen Shahbazyan_vs_Brendan Allen,Edmen Shahbazyan,Edmen Shahbazyan,Brendan Allen,Middleweight,BJJ,Wrestler,False,0.5186,170.0,170.0,0.4255,0.4879,0.0623,2.58,0.3235,0.2705,0.406,UFC Fight Night: Muhammad vs. Bonfim,2026-06-06,https://gambly.com/gambly-bot?auto=1&prompt=edmen+shahbazyan+moneyline,https://gambly.com/gambly-bot?auto=1&prompt=belal+muhammad+moneyline+and+edmen+shahbazyan+moneyline+and+tom+nolan+moneyline+and+santiago+luna+moneyline+and+junior+tafa+moneyline+and+matt+schnell+moneyline+and+edgar+chairez+moneyline+and+chelsea+chandler+moneyline+and+jordan+leavitt+moneyline,1.5,1202423.0,0,0.0,0.0,-2.58,0.0,2026-06-07
Fares Ziam_vs_Tom Nolan,Fares Ziam,Fares Ziam,Tom Nolan,Lightweight,Mixed,BJJ,False,0.5186,,,0.633,0.537,-0.0961,0.0,0.3473,0.147,0.5057,UFC Fight Night: Muhammad vs. Bonfim,2026-06-06,,https://gambly.com/gambly-bot?auto=1&prompt=belal+muhammad+moneyline+and+edmen+shahbazyan+moneyline+and+tom+nolan+moneyline+and+santiago+luna+moneyline+and+junior+tafa+moneyline+and+matt+schnell+moneyline+and+edgar+chairez+moneyline+and+chelsea+chandler+moneyline+and+jordan+leavitt+moneyline,1.5,1202423.0,0,0.0,0.0,0.0,0.0,2026-06-07
Tom Nolan_vs_Fares Ziam,Tom Nolan,Tom Nolan,Fares Ziam,Lightweight,Striker,BJJ,False,0.5186,245.0,245.0,0.367,0.463,0.0961,2.61,0.3473,0.147,0.5057,UFC Fight Night: Muhammad vs. Bonfim,2026-06-06,https://gambly.com/gambly-bot?auto=1&prompt=tom+nolan+moneyline,https://gambly.com/gambly-bot?auto=1&prompt=belal+muhammad+moneyline+and+edmen+shahbazyan+moneyline+and+tom+nolan+moneyline+and+santiago+luna+moneyline+and+junior+tafa+moneyline+and+matt+schnell+moneyline+and+edgar+chairez+moneyline+and+chelsea+chandler+moneyline+and+jordan+leavitt+moneyline,1.5,1202423.0,1,6.3945,9.0045,6.3945,3.45,2026-06-07
Bryce Mitchell_vs_Santiago Luna,Bryce Mitchell,Bryce Mitchell,Santiago Luna,Bantamweight,BJJ,Wrestler,False,0.5186,,,0.5204,0.4756,-0.0448,0.0,0.2356,0.2143,0.5501,UFC Fight Night: Muhammad vs. Bonfim,2026-06-06,,https://gambly.com/gambly-bot?auto=1&prompt=belal+muhammad+moneyline+and+edmen+shahbazyan+moneyline+and+tom+nolan+moneyline+and+santiago+luna+moneyline+and+junior+tafa+moneyline+and+matt+schnell+moneyline+and+edgar+chairez+moneyline+and+chelsea+chandler+moneyline+and+jordan+leavitt+moneyline,1.5,1202423.0,1,0.0,0.0,0.0,0.0,2026-06-07
Santiago Luna_vs_Bryce Mitchell,Santiago Luna,Santiago Luna,Bryce Mitchell,Bantamweight,Mixed,BJJ,False,0.5186,117.0,117.0,0.4796,0.5244,0.0448,2.55,0.2356,0.2143,0.5501,UFC Fight Night: Muhammad vs. Bonfim,2026-06-06,https://gambly.com/gambly-bot?auto=1&prompt=santiago+luna+moneyline,https://gambly.com/gambly-bot?auto=1&prompt=belal+muhammad+moneyline+and+edmen+shahbazyan+moneyline+and+tom+nolan+moneyline+and+santiago+luna+moneyline+and+junior+tafa+moneyline+and+matt+schnell+moneyline+and+edgar+chairez+moneyline+and+chelsea+chandler+moneyline+and+jordan+leavitt+moneyline,1.5,1202423.0,0,0.0,0.0,-2.55,0.0,2026-06-07
Iwo Baraniewski_vs_Junior Tafa,Iwo Baraniewski,Iwo Baraniewski,Junior Tafa,Light Heavyweight,Mixed,Striker,False,0.5186,,,0.685,0.4668,-0.2183,0.0,0.4869,0.1652,0.3479,UFC Fight Night: Muhammad vs. Bonfim,2026-06-06,,https://gambly.com/gambly-bot?auto=1&prompt=belal+muhammad+moneyline+and+edmen+shahbazyan+moneyline+and+tom+nolan+moneyline+and+santiago+luna+moneyline+and+junior+tafa+moneyline+and+matt+schnell+moneyline+and+edgar+chairez+moneyline+and+chelsea+chandler+moneyline+and+jordan+leavitt+moneyline,1.5,1202423.0,1,0.0,0.0,0.0,0.0,2026-06-07
Junior Tafa_vs_Iwo Baraniewski,Junior Tafa,Junior Tafa,Iwo Baraniewski,Light Heavyweight,Sniper,BJJ,False,0.5186,335.0,335.0,0.315,0.5332,0.2183,2.67,0.4869,0.1652,0.3479,UFC Fight Night: Muhammad vs. Bonfim,2026-06-06,https://gambly.com/gambly-bot?auto=1&prompt=junior+tafa+moneyline,https://gambly.com/gambly-bot?auto=1&prompt=belal+muhammad+moneyline+and+edmen+shahbazyan+moneyline+and+tom+nolan+moneyline+and+santiago+luna+moneyline+and+junior+tafa+moneyline+and+matt+schnell+moneyline+and+edgar+chairez+moneyline+and+chelsea+chandler+moneyline+and+jordan+leavitt+moneyline,1.5,1202423.0,0,0.0,0.0,-2.67,0.0,2026-06-07
Matt Schnell_vs_Alessandro Costa,Matt Schnell,Matt Schnell,Alessandro Costa,Unknown,Striker,Striker,False,0.5186,376.0,376.0,0.2959,0.4425,0.1467,2.65,0.3369,0.105,0.5581,UFC Fight Night: Muhammad vs. Bonfim,2026-06-06,https://gambly.com/gambly-bot?auto=1&prompt=matt+schnell+moneyline,https://gambly.com/gambly-bot?auto=1&prompt=belal+muhammad+moneyline+and+edmen+shahbazyan+moneyline+and+tom+nolan+moneyline+and+santiago+luna+moneyline+and+junior+tafa+moneyline+and+matt+schnell+moneyline+and+edgar+chairez+moneyline+and+chelsea+chandler+moneyline+and+jordan+leavitt+moneyline,1.5,1202423.0,0,0.0,0.0,-2.65,0.0,2026-06-07
Alessandro Costa_vs_Matt Schnell,Alessandro Costa,Alessandro Costa,Matt Schnell,Unknown,Striker,Striker,False,0.5186,,,0.7041,0.5575,-0.1467,0.0,0.3369,0.105,0.5581,UFC Fight Night: Muhammad vs. Bonfim,2026-06-06,,https://gambly.com/gambly-bot?auto=1&prompt=belal+muhammad+moneyline+and+edmen+shahbazyan+moneyline+and+tom+nolan+moneyline+and+santiago+luna+moneyline+and+junior+tafa+moneyline+and+matt+schnell+moneyline+and+edgar+chairez+moneyline+and+chelsea+chandler+moneyline+and+jordan+leavitt+moneyline,1.5,1202423.0,1,0.0,0.0,0.0,0.0,2026-06-07
Marcus McGhee_vs_John Yannis,Marcus McGhee,Marcus McGhee,John Yannis,Bantamweight,Striker,BJJ,False,0.5186,-376.0,-376.0,0.6124,0.5579,-0.0545,0.0,0.2644,0.1407,0.5949,UFC Fight Night: Muhammad vs. Bonfim,2026-06-06,,https://gambly.com/gambly-bot?auto=1&prompt=belal+muhammad+moneyline+and+edmen+shahbazyan+moneyline+and+tom+nolan+moneyline+and+santiago+luna+moneyline+and+junior+tafa+moneyline+and+matt+schnell+moneyline+and+edgar+chairez+moneyline+and+chelsea+chandler+moneyline+and+jordan+leavitt+moneyline,1.5,1202423.0,1,0.0,0.0,0.0,0.0,2026-06-07
John Yannis_vs_Marcus McGhee,John Yannis,John Yannis,Marcus McGhee,Bantamweight,Mixed,BJJ,False,0.5186,,,0.3876,0.4421,0.0545,0.0,0.2644,0.1407,0.5949,UFC Fight Night: Muhammad vs. Bonfim,2026-06-06,,https://gambly.com/gambly-bot?auto=1&prompt=belal+muhammad+moneyline+and+edmen+shahbazyan+moneyline+and+tom+nolan+moneyline+and+santiago+luna+moneyline+and+junior+tafa+moneyline+and+matt+schnell+moneyline+and+edgar+chairez+moneyline+and+chelsea+chandler+moneyline+and+jordan+leavitt+moneyline,1.5,1202423.0,0,0.0,0.0,0.0,0.0,2026-06-07
Bruno Silva_vs_Edgar Chairez,Bruno Silva,Bruno Silva,Edgar Chairez,Flyweight,Muay_Thai,BJJ,False,0.5186,,,0.505,0.1924,-0.3125,0.0,0.269,0.1394,0.5916,UFC Fight Night: Muhammad vs. Bonfim,2026-06-06,,https://gambly.com/gambly-bot?auto=1&prompt=belal+muhammad+moneyline+and+edmen+shahbazyan+moneyline+and+tom+nolan+moneyline+and+santiago+luna+moneyline+and+junior+tafa+moneyline+and+matt+schnell+moneyline+and+edgar+chairez+moneyline+and+chelsea+chandler+moneyline+and+jordan+leavitt+moneyline,1.5,1202423.0,0,0.0,0.0,0.0,0.0,2026-06-07
Edgar Chairez_vs_Bruno Silva,Edgar Chairez,Edgar Chairez,Bruno Silva,Flyweight,Sniper,BJJ,False,0.5186,104.0,104.0,0.495,0.8076,0.3125,3.96,0.269,0.1394,0.5916,UFC Fight Night: Muhammad vs. Bonfim,2026-06-06,https://gambly.com/gambly-bot?auto=1&prompt=edgar+chairez+moneyline,https://gambly.com/gambly-bot?auto=1&prompt=belal+muhammad+moneyline+and+edmen+shahbazyan+moneyline+and+tom+nolan+moneyline+and+santiago+luna+moneyline+and+junior+tafa+moneyline+and+matt+schnell+moneyline+and+edgar+chairez+moneyline+and+chelsea+chandler+moneyline+and+jordan+leavitt+moneyline,1.5,1202423.0,1,4.1184,8.0784,4.1184,2.04,2026-06-07
Priscila Cachoeira_vs_Chelsea Chandler,Priscila Cachoeira,Priscila Cachoeira,Chelsea Chandler,Women's Bantamweight,Mixed,BJJ,False,0.5186,117.0,117.0,0.6974,0.6329,-0.0644,0.0,0.3239,0.1676,0.5085,UFC Fight Night: Muhammad vs. Bonfim,2026-06-06,,https://gambly.com/gambly-bot?auto=1&prompt=belal+muhammad+moneyline+and+edmen+shahbazyan+moneyline+and+tom+nolan+moneyline+and+santiago+luna+moneyline+and+junior+tafa+moneyline+and+matt+schnell+moneyline+and+edgar+chairez+moneyline+and+chelsea+chandler+moneyline+and+jordan+leavitt+moneyline,1.5,1202423.0,0,0.0,0.0,0.0,0.0,2026-06-07
Chelsea Chandler_vs_Priscila Cachoeira,Chelsea Chandler,Chelsea Chandler,Priscila Cachoeira,Women's Bantamweight,Wrestler,Wrestler,False,0.5186,400.0,400.0,0.3026,0.3671,0.0644,2.74,0.3239,0.1676,0.5085,UFC Fight Night: Muhammad vs. Bonfim,2026-06-06,https://gambly.com/gambly-bot?auto=1&prompt=chelsea+chandler+moneyline,https://gambly.com/gambly-bot?auto=1&prompt=belal+muhammad+moneyline+and+edmen+shahbazyan+moneyline+and+tom+nolan+moneyline+and+santiago+luna+moneyline+and+junior+tafa+moneyline+and+matt+schnell+moneyline+and+edgar+chairez+moneyline+and+chelsea+chandler+moneyline+and+jordan+leavitt+moneyline,1.5,1202423.0,1,10.96,13.7,10.96,5.0,2026-06-07
Jordan Leavitt_vs_Joanderson Brito,Jordan Leavitt,Jordan Leavitt,Joanderson Brito,Featherweight,BJJ,Wrestler,False,0.5186,163.0,163.0,0.432,0.534,0.102,2.61,0.2369,0.2513,0.5118,UFC Fight Night: Muhammad vs. Bonfim,2026-06-06,https://gambly.com/gambly-bot?auto=1&prompt=jordan+leavitt+moneyline,https://gambly.com/gambly-bot?auto=1&prompt=belal+muhammad+moneyline+and+edmen+shahbazyan+moneyline+and+tom+nolan+moneyline+and+santiago+luna+moneyline+and+junior+tafa+moneyline+and+matt+schnell+moneyline+and+edgar+chairez+moneyline+and+chelsea+chandler+moneyline+and+jordan+leavitt+moneyline,1.5,1202423.0,0,0.0,0.0,-2.61,0.0,2026-06-07
Joanderson Brito_vs_Jordan Leavitt,Joanderson Brito,Joanderson Brito,Jordan Leavitt,Featherweight,BJJ,Wrestler,False,0.5186,,,0.568,0.466,-0.102,0.0,0.2369,0.2513,0.5118,UFC Fight Night: Muhammad vs. Bonfim,2026-06-06,,https://gambly.com/gambly-bot?auto=1&prompt=belal+muhammad+moneyline+and+edmen+shahbazyan+moneyline+and+tom+nolan+moneyline+and+santiago+luna+moneyline+and+junior+tafa+moneyline+and+matt+schnell+moneyline+and+edgar+chairez+moneyline+and+chelsea+chandler+moneyline+and+jordan+leavitt+moneyline,1.5,1202423.0,1,0.0,0.0,0.0,0.0,2026-06-07
Ketlen Souza_vs_Ariane Carnelossi,Ketlen Souza,Ketlen Souza,Ariane Carnelossi,Women's Strawweight,Mixed,BJJ,False,0.5186,-285.0,-285.0,0.5969,0.5344,-0.0624,0.0,0.3473,0.147,0.5057,UFC Fight Night: Muhammad vs. Bonfim,2026-06-06,,https://gambly.com/gambly-bot?auto=1&prompt=belal+muhammad+moneyline+and+edmen+shahbazyan+moneyline+and+tom+nolan+moneyline+and+santiago+luna+moneyline+and+junior+tafa+moneyline+and+matt+schnell+moneyline+and+edgar+chairez+moneyline+and+chelsea+chandler+moneyline+and+jordan+leavitt+moneyline,1.5,1202423.0,1,0.0,0.0,0.0,0.0,2026-06-07
Ariane Carnelossi_vs_Ketlen Souza,Ariane Carnelossi,Ariane Carnelossi,Ketlen Souza,Women's Strawweight,Striker,BJJ,False,0.5186,,,0.4031,0.4656,0.0624,0.0,0.3473,0.147,0.5057,UFC Fight Night: Muhammad vs. Bonfim,2026-06-06,,https://gambly.com/gambly-bot?auto=1&prompt=belal+muhammad+moneyline+and+edmen+shahbazyan+moneyline+and+tom+nolan+moneyline+and+santiago+luna+moneyline+and+junior+tafa+moneyline+and+matt+schnell+moneyline+and+edgar+chairez+moneyline+and+chelsea+chandler+moneyline+and+jordan+leavitt+moneyline,1.5,1202423.0,0,0.0,0.0,0.0,0.0,2026-06-07
Ilia Topuria_vs_Justin Gaethje,Ilia Topuria,Ilia Topuria,Justin Gaethje,Lightweight,BJJ,Wrestler,False,0.5186,-162.0,-162.0,0.7464,0.7273,-0.0191,0.0,0.3023,0.2014,0.4964,UFC Freedom 250,2026-06-14,,https://gambly.com/gambly-bot?auto=1&prompt=ciryl+gane+moneyline+and+michael+chandler+moneyline+and+kyle+daukaus+moneyline+and+steve+garcia+moneyline,1.54,8804.0,0,0.0,0.0,0.0,0.0,2026-06-15
Justin Gaethje_vs_Ilia Topuria,Justin Gaethje,Justin Gaethje,Ilia Topuria,Lightweight,Mixed,BJJ,False,0.5186,376.0,376.0,0.2536,0.2727,0.0191,0.0,0.3023,0.2014,0.4964,UFC Freedom 250,2026-06-14,,https://gambly.com/gambly-bot?auto=1&prompt=ciryl+gane+moneyline+and+michael+chandler+moneyline+and+kyle+daukaus+moneyline+and+steve+garcia+moneyline,1.54,8804.0,1,0.0,0.0,0.0,0.0,2026-06-15
Alex Pereira_vs_Ciryl Gane,Alex Pereira,Alex Pereira,Ciryl Gane,Heavyweight,Sniper,BJJ,False,0.5186,,,0.5,0.4423,-0.0577,0.0,0.4369,0.2003,0.3628,UFC Freedom 250,2026-06-14,,https://gambly.com/gambly-bot?auto=1&prompt=ciryl+gane+moneyline+and+michael+chandler+moneyline+and+kyle+daukaus+moneyline+and+steve+garcia+moneyline,1.54,8804.0,0,0.0,0.0,0.0,0.0,2026-06-15
Ciryl Gane_vs_Alex Pereira,Ciryl Gane,Ciryl Gane,Alex Pereira,Heavyweight,BJJ,Wrestler,False,0.5186,-100.0,-100.0,0.5,0.5577,0.0577,2.56,0.4369,0.2003,0.3628,UFC Freedom 250,2026-06-14,https://gambly.com/gambly-bot?auto=1&prompt=ciryl+gane+moneyline,https://gambly.com/gambly-bot?auto=1&prompt=ciryl+gane+moneyline+and+michael+chandler+moneyline+and+kyle+daukaus+moneyline+and+steve+garcia+moneyline,1.54,8804.0,1,2.56,5.12,2.56,2.0,2026-06-15
Josh Hokit_vs_Derrick Lewis,Josh Hokit,Josh Hokit,Derrick Lewis,Heavyweight,Mixed,BJJ,False,0.5186,-335.0,-335.0,0.6063,0.5819,-0.0244,0.0,0.4429,0.135,0.4222,UFC Freedom 250,2026-06-14,,https://gambly.com/gambly-bot?auto=1&prompt=ciryl+gane+moneyline+and+michael+chandler+moneyline+and+kyle+daukaus+moneyline+and+steve+garcia+moneyline,1.54,8804.0,1,0.0,0.0,0.0,0.0,2026-06-15
Derrick Lewis_vs_Josh Hokit,Derrick Lewis,Derrick Lewis,Josh Hokit,Heavyweight,Wrestler,Wrestler,False,0.5186,,,0.3937,0.4181,0.0244,0.0,0.4429,0.135,0.4222,UFC Freedom 250,2026-06-14,,https://gambly.com/gambly-bot?auto=1&prompt=ciryl+gane+moneyline+and+michael+chandler+moneyline+and+kyle+daukaus+moneyline+and+steve+garcia+moneyline,1.54,8804.0,0,0.0,0.0,0.0,0.0,2026-06-15
Mauricio Ruffy_vs_Michael Chandler,Mauricio Ruffy,Mauricio Ruffy,Michael Chandler,Lightweight,Mixed,BJJ,False,0.5186,,,0.7238,0.596,-0.1277,0.0,0.3095,0.2391,0.4514,UFC Freedom 250,2026-06-14,,https://gambly.com/gambly-bot?auto=1&prompt=ciryl+gane+moneyline+and+michael+chandler+moneyline+and+kyle+daukaus+moneyline+and+steve+garcia+moneyline,1.54,8804.0,1,0.0,0.0,0.0,0.0,2026-06-15
Michael Chandler_vs_Mauricio Ruffy,Michael Chandler,Michael Chandler,Mauricio Ruffy,Lightweight,BJJ,Wrestler,False,0.5186,424.0,424.0,0.2762,0.404,0.1277,2.72,0.3095,0.2391,0.4514,UFC Freedom 250,2026-06-14,https://gambly.com/gambly-bot?auto=1&prompt=michael+chandler+moneyline,https://gambly.com/gambly-bot?auto=1&prompt=ciryl+gane+moneyline+and+michael+chandler+moneyline+and+kyle+daukaus+moneyline+and+steve+garcia+moneyline,1.54,8804.0,0,0.0,0.0,-2.72,0.0,2026-06-15
Bo Nickal_vs_Kyle Daukaus,Bo Nickal,Bo Nickal,Kyle Daukaus,Middleweight,BJJ,Wrestler,False,0.5186,,,0.6409,0.5249,-0.116,0.0,0.3235,0.2705,0.406,UFC Freedom 250,2026-06-14,,https://gambly.com/gambly-bot?auto=1&prompt=ciryl+gane+moneyline+and+michael+chandler+moneyline+and+kyle+daukaus+moneyline+and+steve+garcia+moneyline,1.54,8804.0,1,0.0,0.0,0.0,0.0,2026-06-15
Kyle Daukaus_vs_Bo Nickal,Kyle Daukaus,Kyle Daukaus,Bo Nickal,Middleweight,BJJ,Wrestler,False,0.5186,257.0,257.0,0.3591,0.4751,0.116,2.62,0.3235,0.2705,0.406,UFC Freedom 250,2026-06-14,https://gambly.com/gambly-bot?auto=1&prompt=kyle+daukaus+moneyline,https://gambly.com/gambly-bot?auto=1&prompt=ciryl+gane+moneyline+and+michael+chandler+moneyline+and+kyle+daukaus+moneyline+and+steve+garcia+moneyline,1.54,8804.0,0,0.0,0.0,-2.62,0.0,2026-06-15
Diego Lopes_vs_Steve Garcia,Diego Lopes,Diego Lopes,Steve Garcia,Featherweight,Mixed,BJJ,False,0.5186,,,0.5434,0.4725,-0.0709,0.0,0.3041,0.1404,0.5555,UFC Freedom 250,2026-06-14,,https://gambly.com/gambly-bot?auto=1&prompt=ciryl+gane+moneyline+and+michael+chandler+moneyline+and+kyle+daukaus+moneyline+and+steve+garcia+moneyline,1.54,8804.0,1,0.0,0.0,0.0,0.0,2026-06-15
Steve Garcia_vs_Diego Lopes,Steve Garcia,Steve Garcia,Diego Lopes,Featherweight,Striker,BJJ,False,0.5186,138.0,138.0,0.4566,0.5275,0.0709,2.58,0.3041,0.1404,0.5555,UFC Freedom 250,2026-06-14,https://gambly.com/gambly-bot?auto=1&prompt=steve+garcia+moneyline,https://gambly.com/gambly-bot?auto=1&prompt=ciryl+gane+moneyline+and+michael+chandler+moneyline+and+kyle+daukaus+moneyline+and+steve+garcia+moneyline,1.54,8804.0,0,0.0,0.0,-2.58,0.0,2026-06-15
Manel Kape_vs_Kyoji Horiguchi,Manel Kape,Manel Kape,Kyoji Horiguchi,Flyweight,Sniper,BJJ,False,0.5194,-144.0,-144.0,0.5414,0.5688,0.0275,0.0,0.2066,0.1765,0.6169,UFC Fight Night: Kape vs. Horiguchi,2026-06-20,,https://gambly.com/gambly-bot?auto=1&prompt=hyder+amil+moneyline+and+kevin+borjas+moneyline+and+melissa+mullins+moneyline,1.58,6767.0,1,0.0,0.0,0.0,0.0,2026-06-21
Kyoji Horiguchi_vs_Manel Kape,Kyoji Horiguchi,Kyoji Horiguchi,Manel Kape,Flyweight,Wrestler,Wrestler,False,0.5194,,,0.4586,0.4312,-0.0275,0.0,0.2066,0.1765,0.6169,UFC Fight Night: Kape vs. Horiguchi,2026-06-20,,https://gambly.com/gambly-bot?auto=1&prompt=hyder+amil+moneyline+and+kevin+borjas+moneyline+and+melissa+mullins+moneyline,1.58,6767.0,0,0.0,0.0,0.0,0.0,2026-06-21
Ion Cutelaba_vs_Navajo Stirling,Ion Cutelaba,Ion Cutelaba,Navajo Stirling,Light Heavyweight,Wrestler,Wrestler,False,0.5194,,,0.4031,0.4548,0.0517,0.0,0.5252,0.1314,0.3433,UFC Fight Night: Kape vs. Horiguchi,2026-06-20,,https://gambly.com/gambly-bot?auto=1&prompt=hyder+amil+moneyline+and+kevin+borjas+moneyline+and+melissa+mullins+moneyline,1.58,6767.0,0,0.0,0.0,0.0,0.0,2026-06-21
Navajo Stirling_vs_Ion Cutelaba,Navajo Stirling,Navajo Stirling,Ion Cutelaba,Light Heavyweight,Muay_Thai,BJJ,False,0.5194,-285.0,-285.0,0.5969,0.5452,-0.0517,0.0,0.5252,0.1314,0.3433,UFC Fight Night: Kape vs. Horiguchi,2026-06-20,,https://gambly.com/gambly-bot?auto=1&prompt=hyder+amil+moneyline+and+kevin+borjas+moneyline+and+melissa+mullins+moneyline,1.58,6767.0,1,0.0,0.0,0.0,0.0,2026-06-21
Hyder Amil_vs_Christian Rodriguez,Hyder Amil,Hyder Amil,Christian Rodriguez,Featherweight,BJJ,Wrestler,False,0.5194,178.0,178.0,0.4184,0.4651,0.0467,2.57,0.2356,0.2475,0.5169,UFC Fight Night: Kape vs. Horiguchi,2026-06-20,https://gambly.com/gambly-bot?auto=1&prompt=hyder+amil+moneyline,https://gambly.com/gambly-bot?auto=1&prompt=hyder+amil+moneyline+and+kevin+borjas+moneyline+and+melissa+mullins+moneyline,1.58,6767.0,0,0.0,0.0,-2.57,0.0,2026-06-21
Christian Rodriguez_vs_Hyder Amil,Christian Rodriguez,Christian Rodriguez,Hyder Amil,Featherweight,BJJ,Wrestler,False,0.5194,,,0.5816,0.5349,-0.0467,0.0,0.2356,0.2475,0.5169,UFC Fight Night: Kape vs. Horiguchi,2026-06-20,,https://gambly.com/gambly-bot?auto=1&prompt=hyder+amil+moneyline+and+kevin+borjas+moneyline+and+melissa+mullins+moneyline,1.58,6767.0,1,0.0,0.0,0.0,0.0,2026-06-21
Vinicius Oliveira_vs_Andre Fili,Vinicius Oliveira,Vinicius Oliveira,Andre Fili,Featherweight,Striker,Striker,False,0.5194,-264.0,-264.0,0.5919,0.5601,-0.0318,0.0,0.2893,0.0984,0.6123,UFC Fight Night: Kape vs. Horiguchi,2026-06-20,,https://gambly.com/gambly-bot?auto=1&prompt=hyder+amil+moneyline+and+kevin+borjas+moneyline+and+melissa+mullins+moneyline,1.58,6767.0,1,0.0,0.0,0.0,0.0,2026-06-21
Andre Fili_vs_Vinicius Oliveira,Andre Fili,Andre Fili,Vinicius Oliveira,Featherweight,Striker,Striker,False,0.5194,,,0.4081,0.4399,0.0318,0.0,0.2893,0.0984,0.6123,UFC Fight Night: Kape vs. Horiguchi,2026-06-20,,https://gambly.com/gambly-bot?auto=1&prompt=hyder+amil+moneyline+and+kevin+borjas+moneyline+and+melissa+mullins+moneyline,1.58,6767.0,0,0.0,0.0,0.0,0.0,2026-06-21
Andre Lima_vs_Kevin Borjas,Andre Lima,Andre Lima,Kevin Borjas,Flyweight,Sniper,BJJ,False,0.5194,,,0.7131,0.5228,-0.1903,0.0,0.2304,0.1659,0.6037,UFC Fight Night: Kape vs. Horiguchi,2026-06-20,,https://gambly.com/gambly-bot?auto=1&prompt=hyder+amil+moneyline+and+kevin+borjas+moneyline+and+melissa+mullins+moneyline,1.58,6767.0,0,0.0,0.0,0.0,0.0,2026-06-21
Kevin Borjas_vs_Andre Lima,Kevin Borjas,Kevin Borjas,Andre Lima,Flyweight,Mixed,Wrestler,False,0.5194,397.0,397.0,0.2869,0.4772,0.1903,2.65,0.2304,0.1659,0.6037,UFC Fight Night: Kape vs. Horiguchi,2026-06-20,https://gambly.com/gambly-bot?auto=1&prompt=kevin+borjas+moneyline,https://gambly.com/gambly-bot?auto=1&prompt=hyder+amil+moneyline+and+kevin+borjas+moneyline+and+melissa+mullins+moneyline,1.58,6767.0,1,10.5205,13.1705,10.5205,4.97,2026-06-21
Bia Mesquita_vs_Melissa Mullins,Bia Mesquita,Bia Mesquita,Melissa Mullins,Women's Bantamweight,Mixed,BJJ,False,0.5194,,,0.7131,0.5295,-0.1836,0.0,0.3094,0.1958,0.4948,UFC Fight Night: Kape vs. Horiguchi,2026-06-20,,https://gambly.com/gambly-bot?auto=1&prompt=hyder+amil+moneyline+and+kevin+borjas+moneyline+and+melissa+mullins+moneyline,1.58,6767.0,1,0.0,0.0,0.0,0.0,2026-06-21
Melissa Mullins_vs_Bia Mesquita,Melissa Mullins,Melissa Mullins,Bia Mesquita,Women's Bantamweight,Wrestler,Wrestler,False,0.5194,397.0,397.0,0.2869,0.4705,0.1836,2.65,0.3094,0.1958,0.4948,UFC Fight Night: Kape vs. Horiguchi,2026-06-20,https://gambly.com/gambly-bot?auto=1&prompt=melissa+mullins+moneyline,https://gambly.com/gambly-bot?auto=1&prompt=hyder+amil+moneyline+and+kevin+borjas+moneyline+and+melissa+mullins+moneyline,1.58,6767.0,0,0.0,0.0,-2.65,0.0,2026-06-21
Allan Nascimento_vs_Mitch Raposo,Allan Nascimento,Allan Nascimento,Mitch Raposo,Flyweight,BJJ,Wrestler,False,0.5194,,,0.5614,0.5726,0.0112,0.0,0.2014,0.2345,0.5641,UFC Fight Night: Kape vs. Horiguchi,2026-06-20,,https://gambly.com/gambly-bot?auto=1&prompt=hyder+amil+moneyline+and+kevin+borjas+moneyline+and+melissa+mullins+moneyline,1.58,6767.0,0,0.0,0.0,0.0,0.0,2026-06-21
Mitch Raposo_vs_Allan Nascimento,Mitch Raposo,Mitch Raposo,Allan Nascimento,Flyweight,Mixed,BJJ,False,0.5194,156.0,156.0,0.4386,0.4274,-0.0112,0.0,0.2014,0.2345,0.5641,UFC Fight Night: Kape vs. Horiguchi,2026-06-20,,https://gambly.com/gambly-bot?auto=1&prompt=hyder+amil+moneyline+and+kevin+borjas+moneyline+and+melissa+mullins+moneyline,1.58,6767.0,1,0.0,0.0,0.0,0.0,2026-06-21
Gaston Bolanos_vs_Michael Aswell Jr.,Gaston Bolanos,Gaston Bolanos,Michael Aswell Jr.,Featherweight,Sniper,BJJ,False,0.5194,,,0.36,0.4255,0.0655,0.0,0.2927,0.1327,0.5746,UFC Fight Night: Kape vs. Horiguchi,2026-06-20,,https://gambly.com/gambly-bot?auto=1&prompt=hyder+amil+moneyline+and+kevin+borjas+moneyline+and+melissa+mullins+moneyline,1.58,6767.0,1,0.0,0.0,0.0,0.0,2026-06-21
Michael Aswell Jr._vs_Gaston Bolanos,Michael Aswell Jr.,Michael Aswell Jr.,Gaston Bolanos,Featherweight,Mixed,Wrestler,False,0.5194,-800.0,-800.0,0.64,0.5745,-0.0655,0.0,0.2927,0.1327,0.5746,UFC Fight Night: Kape vs. Horiguchi,2026-06-20,,https://gambly.com/gambly-bot?auto=1&prompt=hyder+amil+moneyline+and+kevin+borjas+moneyline+and+melissa+mullins+moneyline,1.58,6767.0,0,0.0,0.0,0.0,0.0,2026-06-21
Karol Rosa_vs_Luana Santos,Karol Rosa,Karol Rosa,Luana Santos,Women's Bantamweight,Striker,BJJ,False,0.5194,,,0.5,0.4693,-0.0307,0.0,0.3089,0.1762,0.5149,UFC Fight Night: Kape vs. Horiguchi,2026-06-20,,https://gambly.com/gambly-bot?auto=1&prompt=hyder+amil+moneyline+and+kevin+borjas+moneyline+and+melissa+mullins+moneyline,1.58,6767.0,0,0.0,0.0,0.0,0.0,2026-06-21
Luana Santos_vs_Karol Rosa,Luana Santos,Luana Santos,Karol Rosa,Women's Bantamweight,BJJ,Wrestler,False,0.5194,-100.0,-100.0,0.5,0.5307,0.0307,0.0,0.3089,0.1762,0.5149,UFC Fight Night: Kape vs. Horiguchi,2026-06-20,,https://gambly.com/gambly-bot?auto=1&prompt=hyder+amil+moneyline+and+kevin+borjas+moneyline+and+melissa+mullins+moneyline,1.58,6767.0,1,0.0,0.0,0.0,0.0,2026-06-21
Rafael Fiziev_vs_Manuel Torres,Rafael Fiziev,Rafael Fiziev,Manuel Torres,Lightweight,Sniper,BJJ,False,0.5194,-100.0,-100.0,0.4054,0.3413,-0.0642,0.0,0.3703,0.1222,0.5074,UFC Fight Night: Fiziev vs. Torres,2026-06-27,,https://gambly.com/gambly-bot?auto=1&prompt=manuel+torres+moneyline+and+charles+johnson+moneyline+and+julius+walker+moneyline,1.57,2762.0,1,0.0,0.0,0.0,0.0,2026-06-28
Manuel Torres_vs_Rafael Fiziev,Manuel Torres,Manuel Torres,Rafael Fiziev,Lightweight,Muay_Thai,BJJ,False,0.5194,-275.0,-275.0,0.5946,0.6587,0.0642,2.5,0.3703,0.1222,0.5074,UFC Fight Night: Fiziev vs. Torres,2026-06-27,https://gambly.com/gambly-bot?auto=1&prompt=manuel+torres+moneyline,https://gambly.com/gambly-bot?auto=1&prompt=manuel+torres+moneyline+and+charles+johnson+moneyline+and+julius+walker+moneyline,1.57,2762.0,0,0.0,0.0,-2.5,0.0,2026-06-28
Shara Magomedov_vs_Michel Pereira,Shara Magomedov,Shara Magomedov,Michel Pereira,Middleweight,Striker,BJJ,False,0.5194,-335.0,-335.0,0.6063,0.5596,-0.0467,0.0,0.4021,0.1368,0.4611,UFC Fight Night: Fiziev vs. Torres,2026-06-27,,https://gambly.com/gambly-bot?auto=1&prompt=manuel+torres+moneyline+and+charles+johnson+moneyline+and+julius+walker+moneyline,1.57,2762.0,1,0.0,0.0,0.0,0.0,2026-06-28
Michel Pereira_vs_Shara Magomedov,Michel Pereira,Michel Pereira,Shara Magomedov,Middleweight,Mixed,BJJ,False,0.5194,,,0.3937,0.4404,0.0467,0.0,0.4021,0.1368,0.4611,UFC Fight Night: Fiziev vs. Torres,2026-06-27,,https://gambly.com/gambly-bot?auto=1&prompt=manuel+torres+moneyline+and+charles+johnson+moneyline+and+julius+walker+moneyline,1.57,2762.0,0,0.0,0.0,0.0,0.0,2026-06-28
Nazim Sadykhov_vs_Matheus Camilo,Nazim Sadykhov,Nazim Sadykhov,Matheus Camilo,Lightweight,Striker,BJJ,False,0.5194,-186.0,-186.0,0.5653,0.3869,-0.1784,0.0,0.334,0.133,0.5329,UFC Fight Night: Fiziev vs. Torres,2026-06-27,,https://gambly.com/gambly-bot?auto=1&prompt=manuel+torres+moneyline+and+charles+johnson+moneyline+and+julius+walker+moneyline,1.57,2762.0,0,0.0,0.0,0.0,0.0,2026-06-28
Matheus Camilo_vs_Nazim Sadykhov,Matheus Camilo,Matheus Camilo,Nazim Sadykhov,Lightweight,Mixed,BJJ,False,0.5194,,,0.4347,0.6131,0.1784,0.0,0.334,0.133,0.5329,UFC Fight Night: Fiziev vs. Torres,2026-06-27,,https://gambly.com/gambly-bot?auto=1&prompt=manuel+torres+moneyline+and+charles+johnson+moneyline+and+julius+walker+moneyline,1.57,2762.0,1,0.0,0.0,0.0,0.0,2026-06-28
Asu Almabayev_vs_Charles Johnson,Asu Almabayev,Asu Almabayev,Charles Johnson,Flyweight,BJJ,Wrestler,False,0.5194,,,0.6409,0.5743,-0.0667,0.0,0.2052,0.1892,0.6056,UFC Fight Night: Fiziev vs. Torres,2026-06-27,,https://gambly.com/gambly-bot?auto=1&prompt=manuel+torres+moneyline+and+charles+johnson+moneyline+and+julius+walker+moneyline,1.57,2762.0,1,0.0,0.0,0.0,0.0,2026-06-28
Charles Johnson_vs_Asu Almabayev,Charles Johnson,Charles Johnson,Asu Almabayev,Flyweight,Striker,BJJ,False,0.5194,257.0,257.0,0.3591,0.4257,0.0667,2.63,0.2052,0.1892,0.6056,UFC Fight Night: Fiziev vs. Torres,2026-06-27,https://gambly.com/gambly-bot?auto=1&prompt=charles+johnson+moneyline,https://gambly.com/gambly-bot?auto=1&prompt=manuel+torres+moneyline+and+charles+johnson+moneyline+and+julius+walker+moneyline,1.57,2762.0,0,0.0,0.0,-2.63,0.0,2026-06-28
Ikram Aliskerov_vs_Brunno Ferreira,Ikram Aliskerov,Ikram Aliskerov,Brunno Ferreira,Middleweight,Striker,BJJ,False,0.5194,-270.0,-270.0,0.5934,0.6111,0.0177,0.0,0.4379,0.154,0.4082,UFC Fight Night: Fiziev vs. Torres,2026-06-27,,https://gambly.com/gambly-bot?auto=1&prompt=manuel+torres+moneyline+and+charles+johnson+moneyline+and+julius+walker+moneyline,1.57,2762.0,1,0.0,0.0,0.0,0.0,2026-06-28
Brunno Ferreira_vs_Ikram Aliskerov,Brunno Ferreira,Brunno Ferreira,Ikram Aliskerov,Middleweight,Sniper,BJJ,False,0.5194,,,0.4066,0.3889,-0.0177,0.0,0.4379,0.154,0.4082,UFC Fight Night: Fiziev vs. Torres,2026-06-27,,https://gambly.com/gambly-bot?auto=1&prompt=manuel+torres+moneyline+and+charles+johnson+moneyline+and+julius+walker+moneyline,1.57,2762.0,0,0.0,0.0,0.0,0.0,2026-06-28
Abus Magomedov_vs_Michal Oleksiejczuk,Abus Magomedov,Abus Magomedov,Michal Oleksiejczuk,Middleweight,Sniper,BJJ,False,0.5194,-335.0,-335.0,0.5921,0.6019,0.0098,0.0,0.4057,0.1153,0.479,UFC Fight Night: Fiziev vs. Torres,2026-06-27,,https://gambly.com/gambly-bot?auto=1&prompt=manuel+torres+moneyline+and+charles+johnson+moneyline+and+julius+walker+moneyline,1.57,2762.0,1,0.0,0.0,0.0,0.0,2026-06-28
Michal Oleksiejczuk_vs_Abus Magomedov,Michal Oleksiejczuk,Michal Oleksiejczuk,Abus Magomedov,Middleweight,Striker,BJJ,False,0.5194,-113.0,-113.0,0.4079,0.3981,-0.0098,0.0,0.4057,0.1153,0.479,UFC Fight Night: Fiziev vs. Torres,2026-06-27,,https://gambly.com/gambly-bot?auto=1&prompt=manuel+torres+moneyline+and+charles+johnson+moneyline+and+julius+walker+moneyline,1.57,2762.0,0,0.0,0.0,0.0,0.0,2026-06-28
Abdul Rakhman Yakhyaev_vs_Julius Walker,Abdul Rakhman Yakhyaev,Abdul Rakhman Yakhyaev,Julius Walker,Light Heavyweight,Mixed,BJJ,False,0.5194,,,0.7462,0.5606,-0.1856,0.0,0.4688,0.1879,0.3433,UFC Fight Night: Fiziev vs. Torres,2026-06-27,,https://gambly.com/gambly-bot?auto=1&prompt=manuel+torres+moneyline+and+charles+johnson+moneyline+and+julius+walker+moneyline,1.57,2762.0,1,0.0,0.0,0.0,0.0,2026-06-28
Julius Walker_vs_Abdul Rakhman Yakhyaev,Julius Walker,Julius Walker,Abdul Rakhman Yakhyaev,Light Heavyweight,Mixed,BJJ,False,0.5194,488.0,488.0,0.2538,0.4394,0.1856,2.67,0.4688,0.1879,0.3433,UFC Fight Night: Fiziev vs. Torres,2026-06-27,https://gambly.com/gambly-bot?auto=1&prompt=julius+walker+moneyline,https://gambly.com/gambly-bot?auto=1&prompt=manuel+torres+moneyline+and+charles+johnson+moneyline+and+julius+walker+moneyline,1.57,2762.0,0,0.0,0.0,-2.67,0.0,2026-06-28
Nursulton Ruziboev_vs_Andrey Pulyaev,Nursulton Ruziboev,Nursulton Ruziboev,Andrey Pulyaev,Middleweight,Mixed,BJJ,False,0.5194,-203.0,-203.0,0.5726,0.5319,-0.0408,0.0,0.4059,0.1848,0.4093,UFC Fight Night: Fiziev vs. Torres,2026-06-27,,https://gambly.com/gambly-bot?auto=1&prompt=manuel+torres+moneyline+and+charles+johnson+moneyline+and+julius+walker+moneyline,1.57,2762.0,1,0.0,0.0,0.0,0.0,2026-06-28
Andrey Pulyaev_vs_Nursulton Ruziboev,Andrey Pulyaev,Andrey Pulyaev,Nursulton Ruziboev,Middleweight,Mixed,BJJ,False,0.5194,,,0.4274,0.4681,0.0408,0.0,0.4059,0.1848,0.4093,UFC Fight Night: Fiziev vs. Torres,2026-06-27,,https://gambly.com/gambly-bot?auto=1&prompt=manuel+torres+moneyline+and+charles+johnson+moneyline+and+julius+walker+moneyline,1.57,2762.0,0,0.0,0.0,0.0,0.0,2026-06-28
Bekzat Almakhan_vs_Jean Matsumoto,Bekzat Almakhan,Bekzat Almakhan,Jean Matsumoto,Bantamweight,Mixed,BJJ,False,0.5194,,,0.4545,0.4955,0.0409,0.0,0.2413,0.251,0.5076,UFC Fight Night: Fiziev vs. Torres,2026-06-27,,https://gambly.com/gambly-bot?auto=1&prompt=manuel+torres+moneyline+and+charles+johnson+moneyline+and+julius+walker+moneyline,1.57,2762.0,0,0.0,0.0,0.0,0.0,2026-06-28
Jean Matsumoto_vs_Bekzat Almakhan,Jean Matsumoto,Jean Matsumoto,Bekzat Almakhan,Bantamweight,BJJ,Wrestler,False,0.5194,-150.0,-150.0,0.5455,0.5045,-0.0409,0.0,0.2413,0.251,0.5076,UFC Fight Night: Fiziev vs. Torres,2026-06-27,,https://gambly.com/gambly-bot?auto=1&prompt=manuel+torres+moneyline+and+charles+johnson+moneyline+and+julius+walker+moneyline,1.57,2762.0,1,0.0,0.0,0.0,0.0,2026-06-28
Conor McGregor_vs_Max Holloway,Conor McGregor,Conor McGregor,Max Holloway,Welterweight,Striker,Striker,False,0.5187,,,0.4235,0.5454,0.1218,0.0,0.3479,0.1056,0.5465,UFC 329: McGregor vs. Holloway 2,2026-07-11,,https://gambly.com/gambly-bot?auto=1&prompt=cody+garbrandt+moneyline+and+cody+durden+moneyline,1.59,1143.0,0,0.0,0.0,0.0,0.0,2026-07-12
Max Holloway_vs_Conor McGregor,Max Holloway,Max Holloway,Conor McGregor,Welterweight,Striker,Striker,False,0.5187,-213.0,-213.0,0.5765,0.4546,-0.1218,0.0,0.3479,0.1056,0.5465,UFC 329: McGregor vs. Holloway 2,2026-07-11,,https://gambly.com/gambly-bot?auto=1&prompt=cody+garbrandt+moneyline+and+cody+durden+moneyline,1.59,1143.0,1,0.0,0.0,0.0,0.0,2026-07-12
Benoit Saint Denis_vs_Paddy Pimblett,Benoit Saint Denis,Benoit Saint Denis,Paddy Pimblett,Lightweight,BJJ,Wrestler,False,0.5187,,,0.5261,0.5151,-0.011,0.0,0.2702,0.2624,0.4674,UFC 329: McGregor vs. Holloway 2,2026-07-11,,https://gambly.com/gambly-bot?auto=1&prompt=cody+garbrandt+moneyline+and+cody+durden+moneyline,1.59,1143.0,0,0.0,0.0,0.0,0.0,2026-07-12
Paddy Pimblett_vs_Benoit Saint Denis,Paddy Pimblett,Paddy Pimblett,Benoit Saint Denis,Lightweight,BJJ,Wrestler,False,0.5187,122.0,122.0,0.4739,0.4849,0.011,0.0,0.2702,0.2624,0.4674,UFC 329: McGregor vs. Holloway 2,2026-07-11,,https://gambly.com/gambly-bot?auto=1&prompt=cody+garbrandt+moneyline+and+cody+durden+moneyline,1.59,1143.0,1,0.0,0.0,0.0,0.0,2026-07-12
Cory Sandhagen_vs_Mario Bautista,Cory Sandhagen,Cory Sandhagen,Mario Bautista,Bantamweight,BJJ,Wrestler,False,0.5187,,,0.5204,0.512,-0.0083,0.0,0.2103,0.275,0.5147,UFC 329: McGregor vs. Holloway 2,2026-07-11,,https://gambly.com/gambly-bot?auto=1&prompt=cody+garbrandt+moneyline+and+cody+durden+moneyline,1.59,1143.0,0,0.0,0.0,0.0,0.0,2026-07-12
Mario Bautista_vs_Cory Sandhagen,Mario Bautista,Mario Bautista,Cory Sandhagen,Bantamweight,BJJ,Wrestler,False,0.5187,117.0,117.0,0.4796,0.488,0.0083,0.0,0.2103,0.275,0.5147,UFC 329: McGregor vs. Holloway 2,2026-07-11,,https://gambly.com/gambly-bot?auto=1&prompt=cody+garbrandt+moneyline+and+cody+durden+moneyline,1.59,1143.0,1,0.0,0.0,0.0,0.0,2026-07-12
Brandon Royval_vs_Lone'er Kavanagh,Brandon Royval,Brandon Royval,Lone'er Kavanagh,Flyweight,Striker,Striker,False,0.5187,,,0.4311,0.5393,0.1082,0.0,0.2294,0.1218,0.6488,UFC 329: McGregor vs. Holloway 2,2026-07-11,,https://gambly.com/gambly-bot?auto=1&prompt=cody+garbrandt+moneyline+and+cody+durden+moneyline,1.59,1143.0,1,0.0,0.0,0.0,0.0,2026-07-12
Lone'er Kavanagh_vs_Brandon Royval,Lone'er Kavanagh,Lone'er Kavanagh,Brandon Royval,Flyweight,Striker,Striker,False,0.5187,-194.0,-194.0,0.5689,0.4607,-0.1082,0.0,0.2294,0.1218,0.6488,UFC 329: McGregor vs. Holloway 2,2026-07-11,,https://gambly.com/gambly-bot?auto=1&prompt=cody+garbrandt+moneyline+and+cody+durden+moneyline,1.59,1143.0,0,0.0,0.0,0.0,0.0,2026-07-12
King Green_vs_Terrance McKinney,King Green,King Green,Terrance McKinney,Lightweight,Striker,BJJ,False,0.5187,,,0.4812,0.492,0.0109,0.0,0.323,0.1796,0.4973,UFC 329: McGregor vs. Holloway 2,2026-07-11,,https://gambly.com/gambly-bot?auto=1&prompt=cody+garbrandt+moneyline+and+cody+durden+moneyline,1.59,1143.0,1,0.0,0.0,0.0,0.0,2026-07-12
Terrance McKinney_vs_King Green,Terrance McKinney,Terrance McKinney,King Green,Lightweight,BJJ,Wrestler,False,0.5187,-117.0,-117.0,0.5188,0.508,-0.0109,0.0,0.323,0.1796,0.4973,UFC 329: McGregor vs. Holloway 2,2026-07-11,,https://gambly.com/gambly-bot?auto=1&prompt=cody+garbrandt+moneyline+and+cody+durden+moneyline,1.59,1143.0,0,0.0,0.0,0.0,0.0,2026-07-12
Nikita Krylov_vs_Robert Whittaker,Nikita Krylov,Nikita Krylov,Robert Whittaker,Light Heavyweight,BJJ,Wrestler,False,0.5187,,,0.4719,0.519,0.047,0.0,0.4163,0.1696,0.4141,UFC 329: McGregor vs. Holloway 2,2026-07-11,,https://gambly.com/gambly-bot?auto=1&prompt=cody+garbrandt+moneyline+and+cody+durden+moneyline,1.59,1143.0,0,0.0,0.0,0.0,0.0,2026-07-12
Robert Whittaker_vs_Nikita Krylov,Robert Whittaker,Robert Whittaker,Nikita Krylov,Light Heavyweight,Striker,BJJ,False,0.5187,-127.0,-127.0,0.5281,0.481,-0.047,0.0,0.4163,0.1696,0.4141,UFC 329: McGregor vs. Holloway 2,2026-07-11,,https://gambly.com/gambly-bot?auto=1&prompt=cody+garbrandt+moneyline+and+cody+durden+moneyline,1.59,1143.0,1,0.0,0.0,0.0,0.0,2026-07-12
Cody Garbrandt_vs_Adrian Yanez,Cody Garbrandt,Cody Garbrandt,Adrian Yanez,Bantamweight,Striker,Striker,False,0.5187,317.0,317.0,0.3241,0.4453,0.1211,2.63,0.2643,0.1112,0.6245,UFC 329: McGregor vs. Holloway 2,2026-07-11,https://gambly.com/gambly-bot?auto=1&prompt=cody+garbrandt+moneyline,https://gambly.com/gambly-bot?auto=1&prompt=cody+garbrandt+moneyline+and+cody+durden+moneyline,1.59,1143.0,0,0.0,0.0,-2.63,0.0,2026-07-12
Adrian Yanez_vs_Cody Garbrandt,Adrian Yanez,Adrian Yanez,Cody Garbrandt,Bantamweight,Striker,Striker,False,0.5187,,,0.6759,0.5547,-0.1211,0.0,0.2643,0.1112,0.6245,UFC 329: McGregor vs. Holloway 2,2026-07-11,,https://gambly.com/gambly-bot?auto=1&prompt=cody+garbrandt+moneyline+and+cody+durden+moneyline,1.59,1143.0,1,0.0,0.0,0.0,0.0,2026-07-12
Tracy Cortez_vs_Wang Cong,Tracy Cortez,Tracy Cortez,Wang Cong,Women's Flyweight,BJJ,Wrestler,False,0.5187,,,0.4852,0.5244,0.0392,0.0,0.2923,0.1595,0.5482,UFC 329: McGregor vs. Holloway 2,2026-07-11,,https://gambly.com/gambly-bot?auto=1&prompt=cody+garbrandt+moneyline+and+cody+durden+moneyline,1.59,1143.0,0,0.0,0.0,0.0,0.0,2026-07-12
Wang Cong_vs_Tracy Cortez,Wang Cong,Wang Cong,Tracy Cortez,Women's Flyweight,Striker,BJJ,False,0.5187,-113.0,-113.0,0.5148,0.4756,-0.0392,0.0,0.2923,0.1595,0.5482,UFC 329: McGregor vs. Holloway 2,2026-07-11,,https://gambly.com/gambly-bot?auto=1&prompt=cody+garbrandt+moneyline+and+cody+durden+moneyline,1.59,1143.0,1,0.0,0.0,0.0,0.0,2026-07-12
Alessandro Costa_vs_Cody Durden,Alessandro Costa,Alessandro Costa,Cody Durden,Flyweight,Striker,BJJ,False,0.5187,,,0.5984,0.5062,-0.0922,0.0,0.2267,0.1496,0.6237,UFC 329: McGregor vs. Holloway 2,2026-07-11,,https://gambly.com/gambly-bot?auto=1&prompt=cody+garbrandt+moneyline+and+cody+durden+moneyline,1.59,1143.0,1,0.0,0.0,0.0,0.0,2026-07-12
Cody Durden_vs_Alessandro Costa,Cody Durden,Cody Durden,Alessandro Costa,Flyweight,Wrestler,Striker,False,0.5187,198.0,198.0,0.4016,0.4938,0.0922,2.6,0.2267,0.1496,0.6237,UFC 329: McGregor vs. Holloway 2,2026-07-11,https://gambly.com/gambly-bot?auto=1&prompt=cody+durden+moneyline,https://gambly.com/gambly-bot?auto=1&prompt=cody+garbrandt+moneyline+and+cody+durden+moneyline,1.59,1143.0,0,0.0,0.0,-2.6,0.0,2026-07-12
Dricus Du Plessis_vs_Kamaru Usman,Dricus Du Plessis,Dricus Du Plessis,Kamaru Usman,Middleweight,BJJ,Wrestler,False,0.5187,,,0.6024,0.557,-0.0454,0.0,0.3467,0.1991,0.4542,UFC Fight Night: Du Plessis vs. Usman,2026-07-18,,https://gambly.com/gambly-bot?auto=1&prompt=kamaru+usman+moneyline+and+jared+cannonier+moneyline+and+mitch+ramirez+moneyline+and+tabatha+ricci+moneyline+and+stewart+nicoll+moneyline,1.52,192763.0,1,0.0,0.0,0.0,0.0,2026-07-19
Kamaru Usman_vs_Dricus Du Plessis,Kamaru Usman,Kamaru Usman,Dricus Du Plessis,Middleweight,Wrestler,BJJ,False,0.5187,203.0,203.0,0.3976,0.443,0.0454,2.58,0.3467,0.1991,0.4542,UFC Fight Night: Du Plessis vs. Usman,2026-07-18,https://gambly.com/gambly-bot?auto=1&prompt=kamaru+usman+moneyline,https://gambly.com/gambly-bot?auto=1&prompt=kamaru+usman+moneyline+and+jared+cannonier+moneyline+and+mitch+ramirez+moneyline+and+tabatha+ricci+moneyline+and+stewart+nicoll+moneyline,1.52,192763.0,0,0.0,0.0,-2.58,0.0,2026-07-19
Jared Cannonier_vs_Christian Leroy Duncan,Jared Cannonier,Jared Cannonier,Christian Leroy Duncan,Middleweight,Striker,BJJ,False,0.5187,317.0,317.0,0.3241,0.4282,0.1041,2.66,0.3856,0.1693,0.4451,UFC Fight Night: Du Plessis vs. Usman,2026-07-18,https://gambly.com/gambly-bot?auto=1&prompt=jared+cannonier+moneyline,https://gambly.com/gambly-bot?auto=1&prompt=kamaru+usman+moneyline+and+jared+cannonier+moneyline+and+mitch+ramirez+moneyline+and+tabatha+ricci+moneyline+and+stewart+nicoll+moneyline,1.52,192763.0,0,0.0,0.0,-2.66,0.0,2026-07-19
Christian Leroy Duncan_vs_Jared Cannonier,Christian Leroy Duncan,Christian Leroy Duncan,Jared Cannonier,Middleweight,Sniper,BJJ,False,0.5187,,,0.6759,0.5718,-0.1041,0.0,0.3856,0.1693,0.4451,UFC Fight Night: Du Plessis vs. Usman,2026-07-18,,https://gambly.com/gambly-bot?auto=1&prompt=kamaru+usman+moneyline+and+jared+cannonier+moneyline+and+mitch+ramirez+moneyline+and+tabatha+ricci+moneyline+and+stewart+nicoll+moneyline,1.52,192763.0,1,0.0,0.0,0.0,0.0,2026-07-19
Chase Hooper_vs_Mitch Ramirez,Chase Hooper,Chase Hooper,Mitch Ramirez,Lightweight,BJJ,Wrestler,False,0.5187,,,0.6759,0.6255,-0.0503,0.0,0.3035,0.2049,0.4916,UFC Fight Night: Du Plessis vs. Usman,2026-07-18,,https://gambly.com/gambly-bot?auto=1&prompt=kamaru+usman+moneyline+and+jared+cannonier+moneyline+and+mitch+ramirez+moneyline+and+tabatha+ricci+moneyline+and+stewart+nicoll+moneyline,1.52,192763.0,1,0.0,0.0,0.0,0.0,2026-07-19
Mitch Ramirez_vs_Chase Hooper,Mitch Ramirez,Mitch Ramirez,Chase Hooper,Lightweight,Mixed,BJJ,False,0.5187,317.0,317.0,0.3241,0.3745,0.0503,2.69,0.3035,0.2049,0.4916,UFC Fight Night: Du Plessis vs. Usman,2026-07-18,https://gambly.com/gambly-bot?auto=1&prompt=mitch+ramirez+moneyline,https://gambly.com/gambly-bot?auto=1&prompt=kamaru+usman+moneyline+and+jared+cannonier+moneyline+and+mitch+ramirez+moneyline+and+tabatha+ricci+moneyline+and+stewart+nicoll+moneyline,1.52,192763.0,0,0.0,0.0,-2.69,0.0,2026-07-19
Tabatha Ricci_vs_Fatima Kline,Tabatha Ricci,Tabatha Ricci,Fatima Kline,Women's Strawweight,Wrestler,Wrestler,False,0.5187,376.0,376.0,0.2959,0.4623,0.1664,2.64,0.3417,0.1666,0.4916,UFC Fight Night: Du Plessis vs. Usman,2026-07-18,https://gambly.com/gambly-bot?auto=1&prompt=tabatha+ricci+moneyline,https://gambly.com/gambly-bot?auto=1&prompt=kamaru+usman+moneyline+and+jared+cannonier+moneyline+and+mitch+ramirez+moneyline+and+tabatha+ricci+moneyline+and+stewart+nicoll+moneyline,1.52,192763.0,0,0.0,0.0,-2.64,0.0,2026-07-19
Fatima Kline_vs_Tabatha Ricci,Fatima Kline,Fatima Kline,Tabatha Ricci,Women's Strawweight,Mixed,BJJ,False,0.5187,,,0.7041,0.5377,-0.1664,0.0,0.3417,0.1666,0.4916,UFC Fight Night: Du Plessis vs. Usman,2026-07-18,,https://gambly.com/gambly-bot?auto=1&prompt=kamaru+usman+moneyline+and+jared+cannonier+moneyline+and+mitch+ramirez+moneyline+and+tabatha+ricci+moneyline+and+stewart+nicoll+moneyline,1.52,192763.0,1,0.0,0.0,0.0,0.0,2026-07-19
Austin Bashi_vs_Jose Delgado,Austin Bashi,Austin Bashi,Jose Delgado,Featherweight,Mixed,BJJ,False,0.5187,,,0.5,0.5725,0.0725,0.0,0.2845,0.1336,0.5819,UFC Fight Night: Du Plessis vs. Usman,2026-07-18,,https://gambly.com/gambly-bot?auto=1&prompt=kamaru+usman+moneyline+and+jared+cannonier+moneyline+and+mitch+ramirez+moneyline+and+tabatha+ricci+moneyline+and+stewart+nicoll+moneyline,1.52,192763.0,0,0.0,0.0,0.0,0.0,2026-07-19
Jose Delgado_vs_Austin Bashi,Jose Delgado,Jose Delgado,Austin Bashi,Featherweight,Striker,BJJ,False,0.5187,-100.0,-100.0,0.5,0.4275,-0.0725,0.0,0.2845,0.1336,0.5819,UFC Fight Night: Du Plessis vs. Usman,2026-07-18,,https://gambly.com/gambly-bot?auto=1&prompt=kamaru+usman+moneyline+and+jared+cannonier+moneyline+and+mitch+ramirez+moneyline+and+tabatha+ricci+moneyline+and+stewart+nicoll+moneyline,1.52,192763.0,1,0.0,0.0,0.0,0.0,2026-07-19
Alden Coria_vs_Stewart Nicoll,Alden Coria,Alden Coria,Stewart Nicoll,Flyweight,Mixed,BJJ,False,0.5187,,,0.7936,0.4922,-0.3014,0.0,0.2327,0.2113,0.556,UFC Fight Night: Du Plessis vs. Usman,2026-07-18,,https://gambly.com/gambly-bot?auto=1&prompt=kamaru+usman+moneyline+and+jared+cannonier+moneyline+and+mitch+ramirez+moneyline+and+tabatha+ricci+moneyline+and+stewart+nicoll+moneyline,1.52,192763.0,1,0.0,0.0,0.0,0.0,2026-07-19
Stewart Nicoll_vs_Alden Coria,Stewart Nicoll,Stewart Nicoll,Alden Coria,Flyweight,Mixed,BJJ,False,0.5187,669.0,669.0,0.2064,0.5078,0.3014,2.69,0.2327,0.2113,0.556,UFC Fight Night: Du Plessis vs. Usman,2026-07-18,https://gambly.com/gambly-bot?auto=1&prompt=stewart+nicoll+moneyline,https://gambly.com/gambly-bot?auto=1&prompt=kamaru+usman+moneyline+and+jared+cannonier+moneyline+and+mitch+ramirez+moneyline+and+tabatha+ricci+moneyline+and+stewart+nicoll+moneyline,1.52,192763.0,0,0.0,0.0,-2.69,0.0,2026-07-19
Magomed Ankalaev_vs_Bogdan Guskov,Magomed Ankalaev,Magomed Ankalaev,Bogdan Guskov,Light Heavyweight,Wrestler,Wrestler,False,0.5173,-456.0,-456.0,0.6213,0.4624,-0.1588,0.0,0.4782,0.1779,0.3439,UFC Fight Night: Ankalaev vs. Guskov,2026-07-25,,https://gambly.com/gambly-bot?auto=1&prompt=steve+erceg+moneyline+and+valter+walker+moneyline+and+santiago+ponzinibbio+moneyline,1.58,1638.0,1,0.0,0.0,0.0,0.0,2026-07-26
Bogdan Guskov_vs_Magomed Ankalaev,Bogdan Guskov,Bogdan Guskov,Magomed Ankalaev,Light Heavyweight,Mixed,BJJ,False,0.5173,,,0.3787,0.5376,0.1588,0.0,0.4782,0.1779,0.3439,UFC Fight Night: Ankalaev vs. Guskov,2026-07-25,,https://gambly.com/gambly-bot?auto=1&prompt=steve+erceg+moneyline+and+valter+walker+moneyline+and+santiago+ponzinibbio+moneyline,1.58,1638.0,0,0.0,0.0,0.0,0.0,2026-07-26
Steve Erceg_vs_Ramazan Temirov,Steve Erceg,Steve Erceg,Ramazan Temirov,Flyweight,Muay_Thai,BJJ,False,0.5173,108.0,108.0,0.4902,0.6009,0.1107,2.7,0.3035,0.1864,0.5101,UFC Fight Night: Ankalaev vs. Guskov,2026-07-25,https://gambly.com/gambly-bot?auto=1&prompt=steve+erceg+moneyline,https://gambly.com/gambly-bot?auto=1&prompt=steve+erceg+moneyline+and+valter+walker+moneyline+and+santiago+ponzinibbio+moneyline,1.58,1638.0,0,0.0,0.0,-2.7,0.0,2026-07-26
Ramazan Temirov_vs_Steve Erceg,Ramazan Temirov,Ramazan Temirov,Steve Erceg,Flyweight,Mixed,Wrestler,False,0.5173,,,0.5098,0.3991,-0.1107,0.0,0.3035,0.1864,0.5101,UFC Fight Night: Ankalaev vs. Guskov,2026-07-25,,https://gambly.com/gambly-bot?auto=1&prompt=steve+erceg+moneyline+and+valter+walker+moneyline+and+santiago+ponzinibbio+moneyline,1.58,1638.0,1,0.0,0.0,0.0,0.0,2026-07-26
Valter Walker_vs_Thomas Petersen,Valter Walker,Valter Walker,Thomas Petersen,Heavyweight,BJJ,Wrestler,False,0.5173,-170.0,-170.0,0.5574,0.6436,0.0862,2.55,0.3837,0.2179,0.3984,UFC Fight Night: Ankalaev vs. Guskov,2026-07-25,https://gambly.com/gambly-bot?auto=1&prompt=valter+walker+moneyline,https://gambly.com/gambly-bot?auto=1&prompt=steve+erceg+moneyline+and+valter+walker+moneyline+and+santiago+ponzinibbio+moneyline,1.58,1638.0,1,1.5,4.05,1.5,1.5882,2026-07-26
Thomas Petersen_vs_Valter Walker,Thomas Petersen,Thomas Petersen,Valter Walker,Heavyweight,BJJ,Wrestler,False,0.5173,,,0.4426,0.3564,-0.0862,0.0,0.3837,0.2179,0.3984,UFC Fight Night: Ankalaev vs. Guskov,2026-07-25,,https://gambly.com/gambly-bot?auto=1&prompt=steve+erceg+moneyline+and+valter+walker+moneyline+and+santiago+ponzinibbio+moneyline,1.58,1638.0,0,0.0,0.0,0.0,0.0,2026-07-26
Santiago Ponzinibbio_vs_Sam Patterson,Santiago Ponzinibbio,Santiago Ponzinibbio,Sam Patterson,Welterweight,Striker,BJJ,False,0.5173,426.0,426.0,0.2755,0.4117,0.1362,2.71,0.3664,0.127,0.5065,UFC Fight Night: Ankalaev vs. Guskov,2026-07-25,https://gambly.com/gambly-bot?auto=1&prompt=santiago+ponzinibbio+moneyline,https://gambly.com/gambly-bot?auto=1&prompt=steve+erceg+moneyline+and+valter+walker+moneyline+and+santiago+ponzinibbio+moneyline,1.58,1638.0,0,0.0,0.0,-2.71,0.0,2026-07-26
Sam Patterson_vs_Santiago Ponzinibbio,Sam Patterson,Sam Patterson,Santiago Ponzinibbio,Welterweight,Mixed,BJJ,False,0.5173,,,0.7245,0.5883,-0.1362,0.0,0.3664,0.127,0.5065,UFC Fight Night: Ankalaev vs. Guskov,2026-07-25,,https://gambly.com/gambly-bot?auto=1&prompt=steve+erceg+moneyline+and+valter+walker+moneyline+and+santiago+ponzinibbio+moneyline,1.58,1638.0,1,0.0,0.0,0.0,0.0,2026-07-26
Ismael Bonfim_vs_Axel Sola,Ismael Bonfim,Ismael Bonfim,Axel Sola,Lightweight,Striker,BJJ,False,0.5173,178.0,178.0,0.4184,0.4327,0.0143,0.0,0.3537,0.1268,0.5195,UFC Fight Night: Ankalaev vs. Guskov,2026-07-25,,https://gambly.com/gambly-bot?auto=1&prompt=steve+erceg+moneyline+and+valter+walker+moneyline+and+santiago+ponzinibbio+moneyline,1.58,1638.0,0,0.0,0.0,0.0,0.0,2026-07-26
Axel Sola_vs_Ismael Bonfim,Axel Sola,Axel Sola,Ismael Bonfim,Lightweight,Mixed,BJJ,False,0.5173,,,0.5816,0.5673,-0.0143,0.0,0.3537,0.1268,0.5195,UFC Fight Night: Ankalaev vs. Guskov,2026-07-25,,https://gambly.com/gambly-bot?auto=1&prompt=steve+erceg+moneyline+and+valter+walker+moneyline+and+santiago+ponzinibbio+moneyline,1.58,1638.0,1,0.0,0.0,0.0,0.0,2026-07-26
Nurullo Aliev_vs_Mike Davis,Nurullo Aliev,Nurullo Aliev,Mike Davis,Lightweight,Mixed,BJJ,False,0.5173,-213.0,-213.0,0.5765,0.4984,-0.078,0.0,0.3153,0.1628,0.5219,UFC Fight Night: Ankalaev vs. Guskov,2026-07-25,,https://gambly.com/gambly-bot?auto=1&prompt=steve+erceg+moneyline+and+valter+walker+moneyline+and+santiago+ponzinibbio+moneyline,1.58,1638.0,1,0.0,0.0,0.0,0.0,2026-07-26
Mike Davis_vs_Nurullo Aliev,Mike Davis,Mike Davis,Nurullo Aliev,Lightweight,Wrestler,Wrestler,False,0.5173,,,0.4235,0.5016,0.078,0.0,0.3153,0.1628,0.5219,UFC Fight Night: Ankalaev vs. Guskov,2026-07-25,,https://gambly.com/gambly-bot?auto=1&prompt=steve+erceg+moneyline+and+valter+walker+moneyline+and+santiago+ponzinibbio+moneyline,1.58,1638.0,0,0.0,0.0,0.0,0.0,2026-07-26
Uros Medic_vs_Daniel Rodriguez,Uros Medic,Uros Medic,Daniel Rodriguez,Welterweight,Mixed,BJJ,False,0.5173,-335.0,-335.0,0.6063,0.5185,-0.0878,0.0,0.3432,0.1495,0.5073,UFC Fight Night: Medic vs. Rodriguez,2026-08-01,,https://gambly.com/gambly-bot?auto=1&prompt=marcin+tybura+moneyline+and+tofiq+musayev+moneyline,1.58,1262.0,1,0.0,0.0,0.0,0.0,2026-08-02
Daniel Rodriguez_vs_Uros Medic,Daniel Rodriguez,Daniel Rodriguez,Uros Medic,Welterweight,Striker,BJJ,False,0.5173,,,0.3937,0.4815,0.0878,0.0,0.3432,0.1495,0.5073,UFC Fight Night: Medic vs. Rodriguez,2026-08-01,,https://gambly.com/gambly-bot?auto=1&prompt=marcin+tybura+moneyline+and+tofiq+musayev+moneyline,1.58,1262.0,0,0.0,0.0,0.0,0.0,2026-08-02
Jan Blachowicz_vs_Navajo Stirling,Jan Blachowicz,Jan Blachowicz,Navajo Stirling,Light Heavyweight,Striker,Striker,False,0.5173,,,0.3927,0.4244,0.0317,0.0,0.4777,0.1095,0.4129,UFC Fight Night: Medic vs. Rodriguez,2026-08-01,,https://gambly.com/gambly-bot?auto=1&prompt=marcin+tybura+moneyline+and+tofiq+musayev+moneyline,1.58,1262.0,0,0.0,0.0,0.0,0.0,2026-08-02
Navajo Stirling_vs_Jan Blachowicz,Navajo Stirling,Navajo Stirling,Jan Blachowicz,Light Heavyweight,Striker,Striker,False,0.5173,-341.0,-341.0,0.6073,0.5756,-0.0317,0.0,0.4777,0.1095,0.4129,UFC Fight Night: Medic vs. Rodriguez,2026-08-01,,https://gambly.com/gambly-bot?auto=1&prompt=marcin+tybura+moneyline+and+tofiq+musayev+moneyline,1.58,1262.0,1,0.0,0.0,0.0,0.0,2026-08-02
Aleksandar Rakic_vs_Marcin Tybura,Aleksandar Rakic,Aleksandar Rakic,Marcin Tybura,Heavyweight,BJJ,Wrestler,False,0.5173,,,0.685,0.5669,-0.1181,0.0,0.3837,0.2179,0.3984,UFC Fight Night: Medic vs. Rodriguez,2026-08-01,,https://gambly.com/gambly-bot?auto=1&prompt=marcin+tybura+moneyline+and+tofiq+musayev+moneyline,1.58,1262.0,1,0.0,0.0,0.0,0.0,2026-08-02
Marcin Tybura_vs_Aleksandar Rakic,Marcin Tybura,Marcin Tybura,Aleksandar Rakic,Heavyweight,BJJ,Wrestler,False,0.5173,335.0,335.0,0.315,0.4331,0.1181,2.65,0.3837,0.2179,0.3984,UFC Fight Night: Medic vs. Rodriguez,2026-08-01,https://gambly.com/gambly-bot?auto=1&prompt=marcin+tybura+moneyline,https://gambly.com/gambly-bot?auto=1&prompt=marcin+tybura+moneyline+and+tofiq+musayev+moneyline,1.58,1262.0,0,0.0,0.0,-2.65,0.0,2026-08-02
Dusko Todorovic_vs_Robert Valentin,Dusko Todorovic,Dusko Todorovic,Robert Valentin,Middleweight,BJJ,Wrestler,False,0.5173,,,0.4507,0.5902,0.1395,0.0,0.3887,0.2377,0.3736,UFC Fight Night: Medic vs. Rodriguez,2026-08-01,,https://gambly.com/gambly-bot?auto=1&prompt=marcin+tybura+moneyline+and+tofiq+musayev+moneyline,1.58,1262.0,0,0.0,0.0,0.0,0.0,2026-08-02
Robert Valentin_vs_Dusko Todorovic,Robert Valentin,Robert Valentin,Dusko Todorovic,Middleweight,Mixed,BJJ,False,0.5173,-156.0,-156.0,0.5493,0.4098,-0.1395,0.0,0.3887,0.2377,0.3736,UFC Fight Night: Medic vs. Rodriguez,2026-08-01,,https://gambly.com/gambly-bot?auto=1&prompt=marcin+tybura+moneyline+and+tofiq+musayev+moneyline,1.58,1262.0,1,0.0,0.0,0.0,0.0,2026-08-02
Ludovit Klein_vs_Tofiq Musayev,Ludovit Klein,Ludovit Klein,Tofiq Musayev,Lightweight,Striker,BJJ,False,0.5173,,,0.6101,0.568,-0.0422,0.0,0.3537,0.1268,0.5195,UFC Fight Night: Medic vs. Rodriguez,2026-08-01,,https://gambly.com/gambly-bot?auto=1&prompt=marcin+tybura+moneyline+and+tofiq+musayev+moneyline,1.58,1262.0,0,0.0,0.0,0.0,0.0,2026-08-02
Tofiq Musayev_vs_Ludovit Klein,Tofiq Musayev,Tofiq Musayev,Ludovit Klein,Lightweight,Mixed,BJJ,False,0.5173,213.0,213.0,0.3899,0.432,0.0422,2.6,0.3537,0.1268,0.5195,UFC Fight Night: Medic vs. Rodriguez,2026-08-01,https://gambly.com/gambly-bot?auto=1&prompt=tofiq+musayev+moneyline,https://gambly.com/gambly-bot?auto=1&prompt=marcin+tybura+moneyline+and+tofiq+musayev+moneyline,1.58,1262.0,1,5.538,8.138,5.538,3.13,2026-08-02
Mateusz Rebecki_vs_Kyle Prepolec,Mateusz Rebecki,Mateusz Rebecki,Kyle Prepolec,Lightweight,BJJ,Wrestler,False,0.5173,-567.0,-567.0,0.6297,0.5847,-0.045,0.0,0.3239,0.1927,0.4834,UFC Fight Night: Medic vs. Rodriguez,2026-08-01,,https://gambly.com/gambly-bot?auto=1&prompt=marcin+tybura+moneyline+and+tofiq+musayev+moneyline,1.58,1262.0,1,0.0,0.0,0.0,0.0,2026-08-02
Kyle Prepolec_vs_Mateusz Rebecki,Kyle Prepolec,Kyle Prepolec,Mateusz Rebecki,Lightweight,Striker,BJJ,False,0.5173,,,0.3703,0.4153,0.045,0.0,0.3239,0.1927,0.4834,UFC Fight Night: Medic vs. Rodriguez,2026-08-01,,https://gambly.com/gambly-bot?auto=1&prompt=marcin+tybura+moneyline+and+tofiq+musayev+moneyline,1.58,1262.0,0,0.0,0.0,0.0,0.0,2026-08-02
Mateusz Gamrot_vs_Quillan Salkilld,Mateusz Gamrot,Mateusz Gamrot,Quillan Salkilld,Lightweight,Wrestler,BJJ,False,0.516,,,0.4669,0.496,0.0291,0.0,0.2963,0.202,0.5017,UFC Fight Night: Gamrot vs. Salkilld,2026-08-08,,https://gambly.com/gambly-bot?auto=1&prompt=juliana+miller+moneyline,0.0,,0,0.0,0.0,0.0,0.0,2026-08-09
Quillan Salkilld_vs_Mateusz Gamrot,Quillan Salkilld,Quillan Salkilld,Mateusz Gamrot,Lightweight,BJJ,Wrestler,False,0.516,-133.0,-133.0,0.5331,0.504,-0.0291,0.0,0.2963,0.202,0.5017,UFC Fight Night: Gamrot vs. Salkilld,2026-08-08,,https://gambly.com/gambly-bot?auto=1&prompt=juliana+miller+moneyline,0.0,,1,0.0,0.0,0.0,0.0,2026-08-09
Diego Ferreira_vs_Billy Quarantillo,Diego Ferreira,Diego Ferreira,Billy Quarantillo,Lightweight,BJJ,Wrestler,False,0.516,-170.0,-170.0,0.5574,0.4763,-0.081,0.0,0.2682,0.2603,0.4715,UFC Fight Night: Gamrot vs. Salkilld,2026-08-08,,https://gambly.com/gambly-bot?auto=1&prompt=juliana+miller+moneyline,0.0,,1,0.0,0.0,0.0,0.0,2026-08-09
Billy Quarantillo_vs_Diego Ferreira,Billy Quarantillo,Billy Quarantillo,Diego Ferreira,Lightweight,BJJ,Wrestler,False,0.516,,,0.4426,0.5237,0.081,0.0,0.2682,0.2603,0.4715,UFC Fight Night: Gamrot vs. Salkilld,2026-08-08,,https://gambly.com/gambly-bot?auto=1&prompt=juliana+miller+moneyline,0.0,,0,0.0,0.0,0.0,0.0,2026-08-09
Darren Elkins_vs_Yadier del Valle,Darren Elkins,Darren Elkins,Yadier del Valle,Featherweight,BJJ,Wrestler,False,0.516,,,0.3628,0.4504,0.0876,0.0,0.2714,0.203,0.5257,UFC Fight Night: Gamrot vs. Salkilld,2026-08-08,,https://gambly.com/gambly-bot?auto=1&prompt=juliana+miller+moneyline,0.0,,0,0.0,0.0,0.0,0.0,2026-08-09
Yadier del Valle_vs_Darren Elkins,Yadier del Valle,Yadier del Valle,Darren Elkins,Featherweight,Mixed,BJJ,False,0.516,-721.0,-721.0,0.6372,0.5496,-0.0876,0.0,0.2714,0.203,0.5257,UFC Fight Night: Gamrot vs. Salkilld,2026-08-08,,https://gambly.com/gambly-bot?auto=1&prompt=juliana+miller+moneyline,0.0,,1,0.0,0.0,0.0,0.0,2026-08-09
Amanda Lemos_vs_Alexia Thainara,Amanda Lemos,Amanda Lemos,Alexia Thainara,Women's Strawweight,Mixed,BJJ,False,0.516,245.0,245.0,0.367,0.3929,0.0259,0.0,0.3409,0.181,0.4781,UFC Fight Night: Gamrot vs. Salkilld,2026-08-08,,https://gambly.com/gambly-bot?auto=1&prompt=juliana+miller+moneyline,0.0,,0,0.0,0.0,0.0,0.0,2026-08-09
Alexia Thainara_vs_Amanda Lemos,Alexia Thainara,Alexia Thainara,Amanda Lemos,Women's Strawweight,Mixed,BJJ,False,0.516,,,0.633,0.6071,-0.0259,0.0,0.3409,0.181,0.4781,UFC Fight Night: Gamrot vs. Salkilld,2026-08-08,,https://gambly.com/gambly-bot?auto=1&prompt=juliana+miller+moneyline,0.0,,1,0.0,0.0,0.0,0.0,2026-08-09
Steven Asplund_vs_Guilherme Pat,Steven Asplund,Steven Asplund,Guilherme Pat,Heavyweight,Mixed,BJJ,False,0.516,-285.0,-285.0,0.5969,0.5717,-0.0252,0.0,0.467,0.1418,0.3912,UFC Fight Night: Gamrot vs. Salkilld,2026-08-08,,https://gambly.com/gambly-bot?auto=1&prompt=juliana+miller+moneyline,0.0,,1,0.0,0.0,0.0,0.0,2026-08-09
Guilherme Pat_vs_Steven Asplund,Guilherme Pat,Guilherme Pat,Steven Asplund,Heavyweight,Mixed,BJJ,False,0.516,,,0.4031,0.4283,0.0252,0.0,0.467,0.1418,0.3912,UFC Fight Night: Gamrot vs. Salkilld,2026-08-08,,https://gambly.com/gambly-bot?auto=1&prompt=juliana+miller+moneyline,0.0,,0,0.0,0.0,0.0,0.0,2026-08-09
Diyar Nurgozhay_vs_Bruno Lopes,Diyar Nurgozhay,Diyar Nurgozhay,Bruno Lopes,Light Heavyweight,Mixed,BJJ,False,0.516,-138.0,-138.0,0.537,0.4943,-0.0427,0.0,0.4646,0.187,0.3483,UFC Fight Night: Gamrot vs. Salkilld,2026-08-08,,https://gambly.com/gambly-bot?auto=1&prompt=juliana+miller+moneyline,0.0,,1,0.0,0.0,0.0,0.0,2026-08-09
Bruno Lopes_vs_Diyar Nurgozhay,Bruno Lopes,Bruno Lopes,Diyar Nurgozhay,Light Heavyweight,Mixed,BJJ,False,0.516,,,0.463,0.5057,0.0427,0.0,0.4646,0.187,0.3483,UFC Fight Night: Gamrot vs. Salkilld,2026-08-08,,https://gambly.com/gambly-bot?auto=1&prompt=juliana+miller+moneyline,0.0,,0,0.0,0.0,0.0,0.0,2026-08-09
Juliana Miller_vs_Ravena Oliveira,Juliana Miller,Juliana Miller,Ravena Oliveira,Women's Flyweight,Wrestler,Wrestler,False,0.516,-431.0,-431.0,0.7407,0.7938,0.053,2.5,0.3347,0.1624,0.5029,UFC Fight Night: Gamrot vs. Salkilld,2026-08-08,https://gambly.com/gambly-bot?auto=1&prompt=juliana+miller+moneyline,https://gambly.com/gambly-bot?auto=1&prompt=juliana+miller+moneyline,0.0,,1,0.58,3.08,0.58,1.232,2026-08-09
Ravena Oliveira_vs_Juliana Miller,Ravena Oliveira,Ravena Oliveira,Juliana Miller,Women's Flyweight,Mixed,BJJ,False,0.516,252.0,252.0,0.2593,0.2062,-0.053,0.0,0.3347,0.1624,0.5029,UFC Fight Night: Gamrot vs. Salkilld,2026-08-08,,https://gambly.com/gambly-bot?auto=1&prompt=juliana+miller+moneyline,0.0,,0,0.0,0.0,0.0,0.0,2026-08-09
